,Unnamed: 0,Unnamed: 0.1,url,schedule,venue,teamA,teamB,teamA_score,teamB_score,winner_Team,winner_score,venue_location,winner_location
0,0,0,https://www.skysports.com/football/arsenal-vs-burnley/446508,"2:00pm, Sunday 23rd January 2022.",Emirates Stadium,Arsenal,Burnley,0,0,Burnley,0,"Highbury House,
75 Drayton Park,
London, N5 1BU
England[1]","Burnley, Lancashire, England"
1,1,1,https://www.skysports.com/football/crystal-palace-vs-liverpool/446511,"2:00pm, Sunday 23rd January 2022.",Selhurst Park,C Palace,Liverpool,1,3,Liverpool,3,"Selhurst
London, SE25
England","Anfield, Liverpool, Merseyside, England"
2,2,2,https://www.skysports.com/football/leicester-city-vs-brighton-and-hove-albion/446514,"2:00pm, Sunday 23rd January 2022.",The King Power Stadium,Leicester,Brighton,1,1,Brighton,1,"Filbert Way
Leicester
LE2 7FL","Falmer, Brighton, East Sussex, England"
3,3,3,https://www.skysports.com/football/chelsea-vs-tottenham-hotspur/446510,"4:30pm, Sunday 23rd January 2022.",Stamford Bridge,Chelsea,Tottenham,2,0,Chelsea,2,"Fulham,
London, SW6
England","Fulham,
London, SW6
England"
4,4,4,https://www.skysports.com/football/everton-vs-aston-villa/446512,"12:30pm, Saturday 22nd January 2022.",Goodison Park,Everton,A Villa,0,1,A Villa,1,"Goodison Road
Walton, Liverpool, England","Trinity Road, Birmingham B6 6HE"
5,5,5,https://www.skysports.com/football/brentford-vs-wolverhampton-wanderers/446509,"3:00pm, Saturday 22nd January 2022.",Brentford Community Stadium,Brentford,Wolves,1,2,Wolves,2,"166 Lionel Road North, Brentford, London Borough of Hounslow, England, UK","Waterloo Road, Wolverhampton"
6,6,6,https://www.skysports.com/football/leeds-united-vs-newcastle-united/446513,"3:00pm, Saturday 22nd January 2022.",Elland Road,Leeds,Newcastle,0,1,Newcastle,1,"Elland Road, Beeston, Leeds, England LS11 0ES",Newcastle upon Tyne NE1 4ST
7,7,7,https://www.skysports.com/football/manchester-united-vs-west-ham-united/446515,"3:00pm, Saturday 22nd January 2022.",Old Trafford,Man Utd,West Ham,1,0,Man Utd,1,"Sir Matt Busby Way
Old Trafford
Trafford
Greater Manchester
England","Sir Matt Busby Way
Old Trafford
Trafford
Greater Manchester
England"
8,8,8,https://www.skysports.com/football/southampton-vs-manchester-city/446516,"5:30pm, Saturday 22nd January 2022.",St. Mary's Stadium,So'ton,Man City,1,1,Man City,1,"Britannia Rd, Southampton, England","Etihad Campus
Manchester
M11 3FF"
9,9,9,https://www.skysports.com/football/watford-vs-norwich-city/446517,"8:00pm, Friday 21st January 2022.",Vicarage Road,Watford,Norwich,0,3,Norwich,3,"Vicarage Road
Watford
WD18 0ER","Norwich, Norfolk, England"
10,10,10,https://www.skysports.com/football/leicester-city-vs-tottenham-hotspur/446453,"7:30pm, Wednesday 19th January 2022.",The King Power Stadium,Leicester,Tottenham,2,3,Tottenham,3,"Filbert Way
Leicester
LE2 7FL","Tottenham,
London, N17"
11,11,11,https://www.skysports.com/football/brentford-vs-manchester-united/446449,"8:00pm, Wednesday 19th January 2022.",Brentford Community Stadium,Brentford,Man Utd,1,3,Man Utd,3,"166 Lionel Road North, Brentford, London Borough of Hounslow, England, UK","Sir Matt Busby Way
Old Trafford
Trafford
Greater Manchester
England"
12,12,12,https://www.skysports.com/football/brighton-and-hove-albion-vs-chelsea/446519,"8:00pm, Tuesday 18th January 2022.",Amex Stadium,Brighton,Chelsea,1,1,Chelsea,1,"Falmer, Brighton, East Sussex, England","Fulham,
London, SW6
England"
13,13,13,https://www.skysports.com/football/liverpool-vs-brentford/446501,"2:00pm, Sunday 16th January 2022.",Anfield,Liverpool,Brentford,3,0,Liverpool,3,"Anfield, Liverpool, Merseyside, England","Anfield, Liverpool, Merseyside, England"
14,14,14,https://www.skysports.com/football/west-ham-united-vs-leeds-united/446506,"2:00pm, Sunday 16th January 2022.",London Stadium,West Ham,Leeds,2,3,Leeds,3,"Queen Elizabeth Olympic Park, Stratford
London, E20","Elland Road, Beeston, Leeds, England LS11 0ES"
15,15,15,https://www.skysports.com/football/manchester-city-vs-chelsea/446502,"12:30pm, Saturday 15th January 2022.",Etihad Stadium,Man City,Chelsea,1,0,Man City,1,"Etihad Campus
Manchester
M11 3FF","Etihad Campus
Manchester
M11 3FF"
16,16,16,https://www.skysports.com/football/newcastle-united-vs-watford/446503,"3:00pm, Saturday 15th January 2022.","St James' Park, Newcastle",Newcastle,Watford,1,1,Watford,1,Newcastle upon Tyne NE1 4ST,"Vicarage Road
Watford
WD18 0ER"
17,17,17,https://www.skysports.com/football/norwich-city-vs-everton/446504,"3:00pm, Saturday 15th January 2022.",Carrow Road,Norwich,Everton,2,1,Norwich,2,"Norwich, Norfolk, England","Norwich, Norfolk, England"
18,18,18,https://www.skysports.com/football/wolverhampton-wanderers-vs-southampton/446507,"3:00pm, Saturday 15th January 2022.",Molineux,Wolves,So'ton,3,1,Wolves,3,"Waterloo Road, Wolverhampton","Waterloo Road, Wolverhampton"
19,19,19,https://www.skysports.com/football/aston-villa-vs-manchester-united/446498,"5:30pm, Saturday 15th January 2022.",Villa Park,A Villa,Man Utd,2,2,Man Utd,2,"Trinity Road, Birmingham B6 6HE","Sir Matt Busby Way
Old Trafford
Trafford
Greater Manchester
England"
20,20,20,https://www.skysports.com/football/brighton-and-hove-albion-vs-crystal-palace/446499,"8:00pm, Friday 14th January 2022.",Amex Stadium,Brighton,C Palace,1,1,C Palace,1,"Falmer, Brighton, East Sussex, England","Selhurst
London, SE25
England"
21,21,21,https://www.skysports.com/football/west-ham-united-vs-norwich-city/446466,"7:45pm, Wednesday 12th January 2022.",London Stadium,West Ham,Norwich,2,0,West Ham,2,"Queen Elizabeth Olympic Park, Stratford
London, E20","Queen Elizabeth Olympic Park, Stratford
London, E20"
22,22,22,https://www.skysports.com/football/southampton-vs-brentford/446463,"7:45pm, Tuesday 11th January 2022.",St. Mary's Stadium,So'ton,Brentford,4,1,So'ton,4,"Britannia Rd, Southampton, England","Britannia Rd, Southampton, England"
23,23,23,https://www.skysports.com/football/manchester-united-vs-wolverhampton-wanderers/446495,"5:30pm, Monday 3rd January 2022.",Old Trafford,Man Utd,Wolves,0,1,Wolves,1,"Sir Matt Busby Way
Old Trafford
Trafford
Greater Manchester
England","Waterloo Road, Wolverhampton"
24,24,24,https://www.skysports.com/football/brentford-vs-aston-villa/446489,"2:00pm, Sunday 2nd January 2022.",Brentford Community Stadium,Brentford,A Villa,2,1,Brentford,2,"166 Lionel Road North, Brentford, London Borough of Hounslow, England, UK","166 Lionel Road North, Brentford, London Borough of Hounslow, England, UK"
25,25,25,https://www.skysports.com/football/everton-vs-brighton-and-hove-albion/446492,"2:00pm, Sunday 2nd January 2022.",Goodison Park,Everton,Brighton,2,3,Brighton,3,"Goodison Road
Walton, Liverpool, England","Falmer, Brighton, East Sussex, England"
26,26,26,https://www.skysports.com/football/leeds-united-vs-burnley/446493,"2:00pm, Sunday 2nd January 2022.",Elland Road,Leeds,Burnley,3,1,Leeds,3,"Elland Road, Beeston, Leeds, England LS11 0ES","Elland Road, Beeston, Leeds, England LS11 0ES"
27,27,27,https://www.skysports.com/football/chelsea-vs-liverpool/446490,"4:30pm, Sunday 2nd January 2022.",Stamford Bridge,Chelsea,Liverpool,2,2,Liverpool,2,"Fulham,
London, SW6
England","Anfield, Liverpool, Merseyside, England"
28,28,28,https://www.skysports.com/football/arsenal-vs-manchester-city/446488,"12:30pm, Saturday 1st January 2022.",Emirates Stadium,Arsenal,Man City,1,2,Man City,2,"Highbury House,
75 Drayton Park,
London, N5 1BU
England[1]","Etihad Campus
Manchester
M11 3FF"
29,29,29,https://www.skysports.com/football/watford-vs-tottenham-hotspur/446497,"3:00pm, Saturday 1st January 2022.",Vicarage Road,Watford,Tottenham,0,1,Tottenham,1,"Vicarage Road
Watford
WD18 0ER","Tottenham,
London, N17"
30,30,30,https://www.skysports.com/football/crystal-palace-vs-west-ham-united/446491,"5:30pm, Saturday 1st January 2022.",Selhurst Park,C Palace,West Ham,2,3,West Ham,3,"Selhurst
London, SE25
England","Queen Elizabeth Olympic Park, Stratford
London, E20"
31,31,31,https://www.skysports.com/football/manchester-united-vs-burnley/446485,"8:15pm, Thursday 30th December 2021.",Old Trafford,Man Utd,Burnley,3,1,Man Utd,3,"Sir Matt Busby Way
Old Trafford
Trafford
Greater Manchester
England","Sir Matt Busby Way
Old Trafford
Trafford
Greater Manchester
England"
32,32,32,https://www.skysports.com/football/chelsea-vs-brighton-and-hove-albion/446480,"7:30pm, Wednesday 29th December 2021.",Stamford Bridge,Chelsea,Brighton,1,1,Brighton,1,"Fulham,
London, SW6
England","Falmer, Brighton, East Sussex, England"
33,33,33,https://www.skysports.com/football/brentford-vs-manchester-city/446479,"8:15pm, Wednesday 29th December 2021.",Brentford Community Stadium,Brentford,Man City,0,1,Man City,1,"166 Lionel Road North, Brentford, London Borough of Hounslow, England, UK","Etihad Campus
Manchester
M11 3FF"
34,34,34,https://www.skysports.com/football/crystal-palace-vs-norwich-city/446481,"3:00pm, Tuesday 28th December 2021.",Selhurst Park,C Palace,Norwich,3,0,C Palace,3,"Selhurst
London, SE25
England","Selhurst
London, SE25
England"
35,35,35,https://www.skysports.com/football/southampton-vs-tottenham-hotspur/446486,"3:00pm, Tuesday 28th December 2021.",St. Mary's Stadium,So'ton,Tottenham,1,1,Tottenham,1,"Britannia Rd, Southampton, England","Tottenham,
London, N17"
36,36,36,https://www.skysports.com/football/watford-vs-west-ham-united/446487,"3:00pm, Tuesday 28th December 2021.",Vicarage Road,Watford,West Ham,1,4,West Ham,4,"Vicarage Road
Watford
WD18 0ER","Queen Elizabeth Olympic Park, Stratford
London, E20"
37,37,37,https://www.skysports.com/football/leicester-city-vs-liverpool/446484,"8:00pm, Tuesday 28th December 2021.",The King Power Stadium,Leicester,Liverpool,1,0,Leicester,1,"Filbert Way
Leicester
LE2 7FL",
38,38,38,https://www.skysports.com/football/newcastle-united-vs-manchester-united/446473,"8:00pm, Monday 27th December 2021.","St James' Park, Newcastle",Newcastle,Man Utd,1,1,Man Utd,1,Newcastle upon Tyne NE1 4ST,"Sir Matt Busby Way
Old Trafford
Trafford
Greater Manchester
England"
39,39,39,https://www.skysports.com/football/manchester-city-vs-leicester-city/446472,"3:00pm, Sunday 26th December 2021.",Etihad Stadium,Man City,Leicester,6,3,Man City,6,"Etihad Campus
Manchester
M11 3FF","Etihad Campus
Manchester
M11 3FF"
40,40,40,https://www.skysports.com/football/norwich-city-vs-arsenal/446474,"3:00pm, Sunday 26th December 2021.",Carrow Road,Norwich,Arsenal,0,5,Arsenal,5,"Norwich, Norfolk, England","Highbury House,
75 Drayton Park,
London, N5 1BU
England[1]"
41,41,41,https://www.skysports.com/football/tottenham-hotspur-vs-crystal-palace/446475,"3:00pm, Sunday 26th December 2021.",Tottenham Hotspur Stadium,Tottenham,C Palace,3,0,Tottenham,3,"Tottenham,
London, N17","Tottenham,
London, N17"
42,42,42,https://www.skysports.com/football/west-ham-united-vs-southampton/446476,"3:00pm, Sunday 26th December 2021.",London Stadium,West Ham,So'ton,2,3,So'ton,3,"Queen Elizabeth Olympic Park, Stratford
London, E20","Britannia Rd, Southampton, England"
43,43,43,https://www.skysports.com/football/aston-villa-vs-chelsea/446468,"5:30pm, Sunday 26th December 2021.",Villa Park,A Villa,Chelsea,1,3,Chelsea,3,"Trinity Road, Birmingham B6 6HE","Fulham,
London, SW6
England"
44,44,44,https://www.skysports.com/football/brighton-and-hove-albion-vs-brentford/446469,"8:00pm, Sunday 26th December 2021.",Amex Stadium,Brighton,Brentford,2,0,Brighton,2,"Falmer, Brighton, East Sussex, England","Falmer, Brighton, East Sussex, England"
45,45,45,https://www.skysports.com/football/newcastle-united-vs-manchester-city/446462,"2:00pm, Sunday 19th December 2021.","St James' Park, Newcastle",Newcastle,Man City,0,4,Man City,4,Newcastle upon Tyne NE1 4ST,"Etihad Campus
Manchester
M11 3FF"
46,46,46,https://www.skysports.com/football/wolverhampton-wanderers-vs-chelsea/446467,"2:00pm, Sunday 19th December 2021.",Molineux,Wolves,Chelsea,0,0,Chelsea,0,"Waterloo Road, Wolverhampton","Fulham,
London, SW6
England"
47,47,47,https://www.skysports.com/football/tottenham-hotspur-vs-liverpool/446464,"4:30pm, Sunday 19th December 2021.",Tottenham Hotspur Stadium,Tottenham,Liverpool,2,2,Liverpool,2,"Tottenham,
London, N17","Anfield, Liverpool, Merseyside, England"
48,48,48,https://www.skysports.com/football/leeds-united-vs-arsenal/446460,"5:30pm, Saturday 18th December 2021.",Elland Road,Leeds,Arsenal,1,4,Arsenal,4,"Elland Road, Beeston, Leeds, England LS11 0ES","Highbury House,
75 Drayton Park,
London, N5 1BU
England[1]"
49,49,49,https://www.skysports.com/football/chelsea-vs-everton/446455,"7:45pm, Thursday 16th December 2021.",Stamford Bridge,Chelsea,Everton,1,1,Everton,1,"Fulham,
London, SW6
England","Goodison Road
Walton, Liverpool, England"
50,50,50,https://www.skysports.com/football/liverpool-vs-newcastle-united/446456,"8:00pm, Thursday 16th December 2021.",Anfield,Liverpool,Newcastle,3,1,Liverpool,3,"Anfield, Liverpool, Merseyside, England","Anfield, Liverpool, Merseyside, England"
51,51,51,https://www.skysports.com/football/brighton-and-hove-albion-vs-wolverhampton-wanderers/446450,"7:30pm, Wednesday 15th December 2021.",Amex Stadium,Brighton,Wolves,0,1,Wolves,1,"Falmer, Brighton, East Sussex, England","Waterloo Road, Wolverhampton"
52,52,52,https://www.skysports.com/football/crystal-palace-vs-southampton/446452,"7:30pm, Wednesday 15th December 2021.",Selhurst Park,C Palace,So'ton,2,2,So'ton,2,"Selhurst
London, SE25
England","Britannia Rd, Southampton, England"
53,53,53,https://www.skysports.com/football/arsenal-vs-west-ham-united/446448,"8:00pm, Wednesday 15th December 2021.",Emirates Stadium,Arsenal,West Ham,2,0,Arsenal,2,"Highbury House,
75 Drayton Park,
London, N5 1BU
England[1]","Highbury House,
75 Drayton Park,
London, N5 1BU
England[1]"
54,54,54,https://www.skysports.com/football/norwich-city-vs-aston-villa/446454,"7:45pm, Tuesday 14th December 2021.",Carrow Road,Norwich,A Villa,0,2,A Villa,2,"Norwich, Norfolk, England","Trinity Road, Birmingham B6 6HE"
55,55,55,https://www.skysports.com/football/manchester-city-vs-leeds-united/446457,"8:00pm, Tuesday 14th December 2021.",Etihad Stadium,Man City,Leeds,7,0,Man City,7,"Etihad Campus
Manchester
M11 3FF","Etihad Campus
Manchester
M11 3FF"
56,56,56,https://www.skysports.com/football/burnley-vs-west-ham-united/446441,"2:00pm, Sunday 12th December 2021.",Turf Moor,Burnley,West Ham,0,0,West Ham,0,"Burnley, Lancashire, England","Queen Elizabeth Olympic Park, Stratford
London, E20"
57,57,57,https://www.skysports.com/football/leicester-city-vs-newcastle-united/446444,"2:00pm, Sunday 12th December 2021.",The King Power Stadium,Leicester,Newcastle,4,0,Leicester,4,"Filbert Way
Leicester
LE2 7FL",
58,58,58,https://www.skysports.com/football/crystal-palace-vs-everton/446443,"4:30pm, Sunday 12th December 2021.",Selhurst Park,C Palace,Everton,3,1,C Palace,3,"Selhurst
London, SE25
England","Selhurst
London, SE25
England"
59,59,59,https://www.skysports.com/football/manchester-city-vs-wolverhampton-wanderers/446446,"12:30pm, Saturday 11th December 2021.",Etihad Stadium,Man City,Wolves,1,0,Man City,1,"Etihad Campus
Manchester
M11 3FF","Etihad Campus
Manchester
M11 3FF"
60,60,60,https://www.skysports.com/football/arsenal-vs-southampton/446438,"3:00pm, Saturday 11th December 2021.",Emirates Stadium,Arsenal,So'ton,3,0,Arsenal,3,"Highbury House,
75 Drayton Park,
London, N5 1BU
England[1]","Highbury House,
75 Drayton Park,
London, N5 1BU
England[1]"
61,61,61,https://www.skysports.com/football/chelsea-vs-leeds-united/446442,"3:00pm, Saturday 11th December 2021.",Stamford Bridge,Chelsea,Leeds,3,2,Chelsea,3,"Fulham,
London, SW6
England","Fulham,
London, SW6
England"
62,62,62,https://www.skysports.com/football/liverpool-vs-aston-villa/446445,"3:00pm, Saturday 11th December 2021.",Anfield,Liverpool,A Villa,1,0,Liverpool,1,"Anfield, Liverpool, Merseyside, England","Anfield, Liverpool, Merseyside, England"
63,63,63,https://www.skysports.com/football/norwich-city-vs-manchester-united/446447,"5:30pm, Saturday 11th December 2021.",Carrow Road,Norwich,Man Utd,0,1,Man Utd,1,"Norwich, Norfolk, England","Sir Matt Busby Way
Old Trafford
Trafford
Greater Manchester
England"
64,64,64,https://www.skysports.com/football/brentford-vs-watford/446439,"8:00pm, Friday 10th December 2021.",Brentford Community Stadium,Brentford,Watford,2,1,Brentford,2,"166 Lionel Road North, Brentford, London Borough of Hounslow, England, UK","166 Lionel Road North, Brentford, London Borough of Hounslow, England, UK"
65,65,65,https://www.skysports.com/football/everton-vs-arsenal/446429,"8:00pm, Monday 6th December 2021.",Goodison Park,Everton,Arsenal,2,1,Everton,2,"Goodison Road
Walton, Liverpool, England","Goodison Road
Walton, Liverpool, England"
66,66,66,https://www.skysports.com/football/leeds-united-vs-brentford/446430,"2:00pm, Sunday 5th December 2021.",Elland Road,Leeds,Brentford,2,2,Brentford,2,"Elland Road, Beeston, Leeds, England LS11 0ES","166 Lionel Road North, Brentford, London Borough of Hounslow, England, UK"
67,67,67,https://www.skysports.com/football/manchester-united-vs-crystal-palace/446431,"2:00pm, Sunday 5th December 2021.",Old Trafford,Man Utd,C Palace,1,0,Man Utd,1,"Sir Matt Busby Way
Old Trafford
Trafford
Greater Manchester
England","Sir Matt Busby Way
Old Trafford
Trafford
Greater Manchester
England"
68,68,68,https://www.skysports.com/football/tottenham-hotspur-vs-norwich-city/446434,"2:00pm, Sunday 5th December 2021.",Tottenham Hotspur Stadium,Tottenham,Norwich,3,0,Tottenham,3,"Tottenham,
London, N17","Tottenham,
London, N17"
69,69,69,https://www.skysports.com/football/aston-villa-vs-leicester-city/446428,"4:30pm, Sunday 5th December 2021.",Villa Park,A Villa,Leicester,2,1,A Villa,2,"Trinity Road, Birmingham B6 6HE","Trinity Road, Birmingham B6 6HE"
70,70,70,https://www.skysports.com/football/west-ham-united-vs-chelsea/446436,"12:30pm, Saturday 4th December 2021.",London Stadium,West Ham,Chelsea,3,2,West Ham,3,"Queen Elizabeth Olympic Park, Stratford
London, E20","Queen Elizabeth Olympic Park, Stratford
London, E20"
71,71,71,https://www.skysports.com/football/newcastle-united-vs-burnley/446432,"3:00pm, Saturday 4th December 2021.","St James' Park, Newcastle",Newcastle,Burnley,1,0,Newcastle,1,Newcastle upon Tyne NE1 4ST,Newcastle upon Tyne NE1 4ST
72,72,72,https://www.skysports.com/football/southampton-vs-brighton-and-hove-albion/446433,"3:00pm, Saturday 4th December 2021.",St. Mary's Stadium,So'ton,Brighton,1,1,Brighton,1,"Britannia Rd, Southampton, England","Falmer, Brighton, East Sussex, England"
73,73,73,https://www.skysports.com/football/wolverhampton-wanderers-vs-liverpool/446437,"3:00pm, Saturday 4th December 2021.",Molineux,Wolves,Liverpool,0,1,Liverpool,1,"Waterloo Road, Wolverhampton","Anfield, Liverpool, Merseyside, England"
74,74,74,https://www.skysports.com/football/watford-vs-manchester-city/446435,"5:30pm, Saturday 4th December 2021.",Vicarage Road,Watford,Man City,1,3,Man City,3,"Vicarage Road
Watford
WD18 0ER","Etihad Campus
Manchester
M11 3FF"
75,75,75,https://www.skysports.com/football/tottenham-hotspur-vs-brentford/446427,"7:30pm, Thursday 2nd December 2021.",Tottenham Hotspur Stadium,Tottenham,Brentford,2,0,Tottenham,2,"Tottenham,
London, N17","Tottenham,
London, N17"
76,76,76,https://www.skysports.com/football/manchester-united-vs-arsenal/446421,"8:15pm, Thursday 2nd December 2021.",Old Trafford,Man Utd,Arsenal,3,2,Man Utd,3,"Sir Matt Busby Way
Old Trafford
Trafford
Greater Manchester
England","Sir Matt Busby Way
Old Trafford
Trafford
Greater Manchester
England"
77,77,77,https://www.skysports.com/football/southampton-vs-leicester-city/446426,"7:30pm, Wednesday 1st December 2021.",St. Mary's Stadium,So'ton,Leicester,2,2,Leicester,2,"Britannia Rd, Southampton, England",
78,78,78,https://www.skysports.com/football/watford-vs-chelsea/446422,"7:30pm, Wednesday 1st December 2021.",Vicarage Road,Watford,Chelsea,1,2,Chelsea,2,"Vicarage Road
Watford
WD18 0ER","Fulham,
London, SW6
England"
79,79,79,https://www.skysports.com/football/west-ham-united-vs-brighton-and-hove-albion/446423,"7:30pm, Wednesday 1st December 2021.",London Stadium,West Ham,Brighton,1,1,Brighton,1,"Queen Elizabeth Olympic Park, Stratford
London, E20","Falmer, Brighton, East Sussex, England"
80,80,80,https://www.skysports.com/football/wolverhampton-wanderers-vs-burnley/446424,"7:30pm, Wednesday 1st December 2021.",Molineux,Wolves,Burnley,0,0,Burnley,0,"Waterloo Road, Wolverhampton","Burnley, Lancashire, England"
81,81,81,https://www.skysports.com/football/aston-villa-vs-manchester-city/446418,"8:15pm, Wednesday 1st December 2021.",Villa Park,A Villa,Man City,1,2,Man City,2,"Trinity Road, Birmingham B6 6HE","Etihad Campus
Manchester
M11 3FF"
82,82,82,https://www.skysports.com/football/everton-vs-liverpool/446419,"8:15pm, Wednesday 1st December 2021.",Goodison Park,Everton,Liverpool,1,4,Liverpool,4,"Goodison Road
Walton, Liverpool, England","Anfield, Liverpool, Merseyside, England"
83,83,83,https://www.skysports.com/football/newcastle-united-vs-norwich-city/446425,"7:30pm, Tuesday 30th November 2021.","St James' Park, Newcastle",Newcastle,Norwich,1,1,Norwich,1,Newcastle upon Tyne NE1 4ST,"Norwich, Norfolk, England"
84,84,84,https://www.skysports.com/football/leeds-united-vs-crystal-palace/446420,"8:15pm, Tuesday 30th November 2021.",Elland Road,Leeds,C Palace,1,0,Leeds,1,"Elland Road, Beeston, Leeds, England LS11 0ES","Elland Road, Beeston, Leeds, England LS11 0ES"
85,85,85,https://www.skysports.com/football/brentford-vs-everton/446409,"2:00pm, Sunday 28th November 2021.",Brentford Community Stadium,Brentford,Everton,1,0,Brentford,1,"166 Lionel Road North, Brentford, London Borough of Hounslow, England, UK","166 Lionel Road North, Brentford, London Borough of Hounslow, England, UK"
86,86,86,https://www.skysports.com/football/leicester-city-vs-watford/446414,"2:00pm, Sunday 28th November 2021.",The King Power Stadium,Leicester,Watford,4,2,Leicester,4,"Filbert Way
Leicester
LE2 7FL",
87,87,87,https://www.skysports.com/football/manchester-city-vs-west-ham-united/446416,"2:00pm, Sunday 28th November 2021.",Etihad Stadium,Man City,West Ham,2,1,Man City,2,"Etihad Campus
Manchester
M11 3FF","Etihad Campus
Manchester
M11 3FF"
88,88,88,https://www.skysports.com/football/chelsea-vs-manchester-united/446412,"4:30pm, Sunday 28th November 2021.",Stamford Bridge,Chelsea,Man Utd,1,1,Man Utd,1,"Fulham,
London, SW6
England","Sir Matt Busby Way
Old Trafford
Trafford
Greater Manchester
England"
89,89,89,https://www.skysports.com/football/arsenal-vs-newcastle-united/446408,"12:30pm, Saturday 27th November 2021.",Emirates Stadium,Arsenal,Newcastle,2,0,Arsenal,2,"Highbury House,
75 Drayton Park,
London, N5 1BU
England[1]","Highbury House,
75 Drayton Park,
London, N5 1BU
England[1]"
90,90,90,https://www.skysports.com/football/crystal-palace-vs-aston-villa/446413,"3:00pm, Saturday 27th November 2021.",Selhurst Park,C Palace,A Villa,1,2,A Villa,2,"Selhurst
London, SE25
England","Trinity Road, Birmingham B6 6HE"
91,91,91,https://www.skysports.com/football/liverpool-vs-southampton/446415,"3:00pm, Saturday 27th November 2021.",Anfield,Liverpool,So'ton,4,0,Liverpool,4,"Anfield, Liverpool, Merseyside, England","Anfield, Liverpool, Merseyside, England"
92,92,92,https://www.skysports.com/football/norwich-city-vs-wolverhampton-wanderers/446417,"3:00pm, Saturday 27th November 2021.",Carrow Road,Norwich,Wolves,0,0,Wolves,0,"Norwich, Norfolk, England","Waterloo Road, Wolverhampton"
93,93,93,https://www.skysports.com/football/brighton-and-hove-albion-vs-leeds-united/446410,"5:30pm, Saturday 27th November 2021.",Amex Stadium,Brighton,Leeds,0,0,Leeds,0,"Falmer, Brighton, East Sussex, England","Elland Road, Beeston, Leeds, England LS11 0ES"
94,94,94,https://www.skysports.com/football/manchester-city-vs-everton/446402,"2:00pm, Sunday 21st November 2021.",Etihad Stadium,Man City,Everton,3,0,Man City,3,"Etihad Campus
Manchester
M11 3FF","Etihad Campus
Manchester
M11 3FF"
95,95,95,https://www.skysports.com/football/tottenham-hotspur-vs-leeds-united/446405,"4:30pm, Sunday 21st November 2021.",Tottenham Hotspur Stadium,Tottenham,Leeds,2,1,Tottenham,2,"Tottenham,
London, N17","Tottenham,
London, N17"
96,96,96,https://www.skysports.com/football/leicester-city-vs-chelsea/446400,"12:30pm, Saturday 20th November 2021.",The King Power Stadium,Leicester,Chelsea,0,3,Chelsea,3,"Filbert Way
Leicester
LE2 7FL","Fulham,
London, SW6
England"
97,97,97,https://www.skysports.com/football/aston-villa-vs-brighton-and-hove-albion/446398,"3:00pm, Saturday 20th November 2021.",Villa Park,A Villa,Brighton,2,0,A Villa,2,"Trinity Road, Birmingham B6 6HE","Trinity Road, Birmingham B6 6HE"
98,98,98,https://www.skysports.com/football/burnley-vs-crystal-palace/446399,"3:00pm, Saturday 20th November 2021.",Turf Moor,Burnley,C Palace,3,3,C Palace,3,"Burnley, Lancashire, England","Selhurst
London, SE25
England"
99,99,99,https://www.skysports.com/football/newcastle-united-vs-brentford/446403,"3:00pm, Saturday 20th November 2021.","St James' Park, Newcastle",Newcastle,Brentford,3,3,Brentford,3,Newcastle upon Tyne NE1 4ST,"166 Lionel Road North, Brentford, London Borough of Hounslow, England, UK"
100,100,100,https://www.skysports.com/football/norwich-city-vs-southampton/446404,"3:00pm, Saturday 20th November 2021.",Carrow Road,Norwich,So'ton,2,1,Norwich,2,"Norwich, Norfolk, England","Norwich, Norfolk, England"
101,101,101,https://www.skysports.com/football/watford-vs-manchester-united/446406,"3:00pm, Saturday 20th November 2021.",Vicarage Road,Watford,Man Utd,4,1,Watford,4,"Vicarage Road
Watford
WD18 0ER","Vicarage Road
Watford
WD18 0ER"
102,102,102,https://www.skysports.com/football/wolverhampton-wanderers-vs-west-ham-united/446407,"3:00pm, Saturday 20th November 2021.",Molineux,Wolves,West Ham,1,0,Wolves,1,"Waterloo Road, Wolverhampton","Waterloo Road, Wolverhampton"
103,103,103,https://www.skysports.com/football/liverpool-vs-arsenal/446401,"5:30pm, Saturday 20th November 2021.",Anfield,Liverpool,Arsenal,4,0,Liverpool,4,"Anfield, Liverpool, Merseyside, England","Anfield, Liverpool, Merseyside, England"
104,104,104,https://www.skysports.com/football/arsenal-vs-watford/446388,"2:00pm, Sunday 7th November 2021.",Emirates Stadium,Arsenal,Watford,1,0,Arsenal,1,"Highbury House,
75 Drayton Park,
London, N5 1BU
England[1]","Highbury House,
75 Drayton Park,
London, N5 1BU
England[1]"
105,105,105,https://www.skysports.com/football/everton-vs-tottenham-hotspur/446393,"2:00pm, Sunday 7th November 2021.",Goodison Park,Everton,Tottenham,0,0,Tottenham,0,"Goodison Road
Walton, Liverpool, England","Tottenham,
London, N17"
106,106,106,https://www.skysports.com/football/leeds-united-vs-leicester-city/446394,"2:00pm, Sunday 7th November 2021.",Elland Road,Leeds,Leicester,1,1,Leicester,1,"Elland Road, Beeston, Leeds, England LS11 0ES",
107,107,107,https://www.skysports.com/football/west-ham-united-vs-liverpool/446397,"4:30pm, Sunday 7th November 2021.",London Stadium,West Ham,Liverpool,3,2,West Ham,3,"Queen Elizabeth Olympic Park, Stratford
London, E20","Queen Elizabeth Olympic Park, Stratford
London, E20"
108,108,108,https://www.skysports.com/football/manchester-united-vs-manchester-city/446395,"12:30pm, Saturday 6th November 2021.",Old Trafford,Man Utd,Man City,0,2,Man City,2,"Sir Matt Busby Way
Old Trafford
Trafford
Greater Manchester
England","Etihad Campus
Manchester
M11 3FF"
109,109,109,https://www.skysports.com/football/brentford-vs-norwich-city/446389,"3:00pm, Saturday 6th November 2021.",Brentford Community Stadium,Brentford,Norwich,1,2,Norwich,2,"166 Lionel Road North, Brentford, London Borough of Hounslow, England, UK","Norwich, Norfolk, England"
110,110,110,https://www.skysports.com/football/chelsea-vs-burnley/446391,"3:00pm, Saturday 6th November 2021.",Stamford Bridge,Chelsea,Burnley,1,1,Burnley,1,"Fulham,
London, SW6
England","Burnley, Lancashire, England"
111,111,111,https://www.skysports.com/football/crystal-palace-vs-wolverhampton-wanderers/446392,"3:00pm, Saturday 6th November 2021.",Selhurst Park,C Palace,Wolves,2,0,C Palace,2,"Selhurst
London, SE25
England","Selhurst
London, SE25
England"
112,112,112,https://www.skysports.com/football/brighton-and-hove-albion-vs-newcastle-united/446390,"5:30pm, Saturday 6th November 2021.",Amex Stadium,Brighton,Newcastle,1,1,Newcastle,1,"Falmer, Brighton, East Sussex, England",Newcastle upon Tyne NE1 4ST
113,113,113,https://www.skysports.com/football/southampton-vs-aston-villa/446396,"8:00pm, Friday 5th November 2021.",St. Mary's Stadium,So'ton,A Villa,1,0,So'ton,1,"Britannia Rd, Southampton, England","Britannia Rd, Southampton, England"
114,114,114,https://www.skysports.com/football/wolverhampton-wanderers-vs-everton/446387,"8:00pm, Monday 1st November 2021.",Molineux,Wolves,Everton,2,1,Wolves,2,"Waterloo Road, Wolverhampton","Waterloo Road, Wolverhampton"
115,115,115,https://www.skysports.com/football/norwich-city-vs-leeds-united/446384,"2:00pm, Sunday 31st October 2021.",Carrow Road,Norwich,Leeds,1,2,Leeds,2,"Norwich, Norfolk, England","Elland Road, Beeston, Leeds, England LS11 0ES"
116,116,116,https://www.skysports.com/football/aston-villa-vs-west-ham-united/446378,"4:30pm, Sunday 31st October 2021.",Villa Park,A Villa,West Ham,1,4,West Ham,4,"Trinity Road, Birmingham B6 6HE","Queen Elizabeth Olympic Park, Stratford
London, E20"
117,117,117,https://www.skysports.com/football/leicester-city-vs-arsenal/446380,"12:30pm, Saturday 30th October 2021.",The King Power Stadium,Leicester,Arsenal,0,2,Arsenal,2,"Filbert Way
Leicester
LE2 7FL","Highbury House,
75 Drayton Park,
London, N5 1BU
England[1]"
118,118,118,https://www.skysports.com/football/burnley-vs-brentford/446379,"3:00pm, Saturday 30th October 2021.",Turf Moor,Burnley,Brentford,3,1,Burnley,3,"Burnley, Lancashire, England","Burnley, Lancashire, England"
119,119,119,https://www.skysports.com/football/liverpool-vs-brighton-and-hove-albion/446381,"3:00pm, Saturday 30th October 2021.",Anfield,Liverpool,Brighton,2,2,Brighton,2,"Anfield, Liverpool, Merseyside, England","Falmer, Brighton, East Sussex, England"
120,120,120,https://www.skysports.com/football/manchester-city-vs-crystal-palace/446382,"3:00pm, Saturday 30th October 2021.",Etihad Stadium,Man City,C Palace,0,2,C Palace,2,"Etihad Campus
Manchester
M11 3FF","Selhurst
London, SE25
England"
121,121,121,https://www.skysports.com/football/newcastle-united-vs-chelsea/446383,"3:00pm, Saturday 30th October 2021.","St James' Park, Newcastle",Newcastle,Chelsea,0,3,Chelsea,3,Newcastle upon Tyne NE1 4ST,"Fulham,
London, SW6
England"
122,122,122,https://www.skysports.com/football/watford-vs-southampton/446386,"3:00pm, Saturday 30th October 2021.",Vicarage Road,Watford,So'ton,0,1,So'ton,1,"Vicarage Road
Watford
WD18 0ER","Britannia Rd, Southampton, England"
123,123,123,https://www.skysports.com/football/tottenham-hotspur-vs-manchester-united/446385,"5:30pm, Saturday 30th October 2021.",Tottenham Hotspur Stadium,Tottenham,Man Utd,0,3,Man Utd,3,"Tottenham,
London, N17","Sir Matt Busby Way
Old Trafford
Trafford
Greater Manchester
England"
124,124,124,https://www.skysports.com/football/brentford-vs-leicester-city/446369,"2:00pm, Sunday 24th October 2021.",Brentford Community Stadium,Brentford,Leicester,1,2,Leicester,2,"166 Lionel Road North, Brentford, London Borough of Hounslow, England, UK",
125,125,125,https://www.skysports.com/football/west-ham-united-vs-tottenham-hotspur/446377,"2:00pm, Sunday 24th October 2021.",London Stadium,West Ham,Tottenham,1,0,West Ham,1,"Queen Elizabeth Olympic Park, Stratford
London, E20","Queen Elizabeth Olympic Park, Stratford
London, E20"
126,126,126,https://www.skysports.com/football/manchester-united-vs-liverpool/446375,"4:30pm, Sunday 24th October 2021.",Old Trafford,Man Utd,Liverpool,0,5,Liverpool,5,"Sir Matt Busby Way
Old Trafford
Trafford
Greater Manchester
England","Anfield, Liverpool, Merseyside, England"
127,127,127,https://www.skysports.com/football/chelsea-vs-norwich-city/446371,"12:30pm, Saturday 23rd October 2021.",Stamford Bridge,Chelsea,Norwich,7,0,Chelsea,7,"Fulham,
London, SW6
England","Fulham,
London, SW6
England"
128,128,128,https://www.skysports.com/football/crystal-palace-vs-newcastle-united/446372,"3:00pm, Saturday 23rd October 2021.",Selhurst Park,C Palace,Newcastle,1,1,Newcastle,1,"Selhurst
London, SE25
England",Newcastle upon Tyne NE1 4ST
129,129,129,https://www.skysports.com/football/everton-vs-watford/446373,"3:00pm, Saturday 23rd October 2021.",Goodison Park,Everton,Watford,2,5,Watford,5,"Goodison Road
Walton, Liverpool, England","Vicarage Road
Watford
WD18 0ER"
130,130,130,https://www.skysports.com/football/leeds-united-vs-wolverhampton-wanderers/446374,"3:00pm, Saturday 23rd October 2021.",Elland Road,Leeds,Wolves,1,1,Wolves,1,"Elland Road, Beeston, Leeds, England LS11 0ES","Waterloo Road, Wolverhampton"
131,131,131,https://www.skysports.com/football/southampton-vs-burnley/446376,"3:00pm, Saturday 23rd October 2021.",St. Mary's Stadium,So'ton,Burnley,2,2,Burnley,2,"Britannia Rd, Southampton, England","Burnley, Lancashire, England"
132,132,132,https://www.skysports.com/football/brighton-and-hove-albion-vs-manchester-city/446370,"5:30pm, Saturday 23rd October 2021.",Amex Stadium,Brighton,Man City,1,4,Man City,4,"Falmer, Brighton, East Sussex, England","Etihad Campus
Manchester
M11 3FF"
133,133,133,https://www.skysports.com/football/arsenal-vs-aston-villa/446368,"8:00pm, Friday 22nd October 2021.",Emirates Stadium,Arsenal,A Villa,3,1,Arsenal,3,"Highbury House,
75 Drayton Park,
London, N5 1BU
England[1]","Highbury House,
75 Drayton Park,
London, N5 1BU
England[1]"
134,134,134,https://www.skysports.com/football/arsenal-vs-crystal-palace/446358,"8:00pm, Monday 18th October 2021.",Emirates Stadium,Arsenal,C Palace,2,2,C Palace,2,"Highbury House,
75 Drayton Park,
London, N5 1BU
England[1]","Selhurst
London, SE25
England"
135,135,135,https://www.skysports.com/football/everton-vs-west-ham-united/446361,"2:00pm, Sunday 17th October 2021.",Goodison Park,Everton,West Ham,0,1,West Ham,1,"Goodison Road
Walton, Liverpool, England","Queen Elizabeth Olympic Park, Stratford
London, E20"
136,136,136,https://www.skysports.com/football/newcastle-united-vs-tottenham-hotspur/446364,"4:30pm, Sunday 17th October 2021.","St James' Park, Newcastle",Newcastle,Tottenham,2,3,Tottenham,3,Newcastle upon Tyne NE1 4ST,"Tottenham,
London, N17"
137,137,137,https://www.skysports.com/football/watford-vs-liverpool/446367,"12:30pm, Saturday 16th October 2021.",Vicarage Road,Watford,Liverpool,0,5,Liverpool,5,"Vicarage Road
Watford
WD18 0ER","Anfield, Liverpool, Merseyside, England"
138,138,138,https://www.skysports.com/football/aston-villa-vs-wolverhampton-wanderers/446359,"3:00pm, Saturday 16th October 2021.",Villa Park,A Villa,Wolves,2,3,Wolves,3,"Trinity Road, Birmingham B6 6HE","Waterloo Road, Wolverhampton"
139,139,139,https://www.skysports.com/football/leicester-city-vs-manchester-united/446362,"3:00pm, Saturday 16th October 2021.",The King Power Stadium,Leicester,Man Utd,4,2,Leicester,4,"Filbert Way
Leicester
LE2 7FL",
140,140,140,https://www.skysports.com/football/manchester-city-vs-burnley/446363,"3:00pm, Saturday 16th October 2021.",Etihad Stadium,Man City,Burnley,2,0,Man City,2,"Etihad Campus
Manchester
M11 3FF","Etihad Campus
Manchester
M11 3FF"
141,141,141,https://www.skysports.com/football/norwich-city-vs-brighton-and-hove-albion/446365,"3:00pm, Saturday 16th October 2021.",Carrow Road,Norwich,Brighton,0,0,Brighton,0,"Norwich, Norfolk, England","Falmer, Brighton, East Sussex, England"
142,142,142,https://www.skysports.com/football/southampton-vs-leeds-united/446366,"3:00pm, Saturday 16th October 2021.",St. Mary's Stadium,So'ton,Leeds,1,0,So'ton,1,"Britannia Rd, Southampton, England","Britannia Rd, Southampton, England"
143,143,143,https://www.skysports.com/football/brentford-vs-chelsea/446360,"5:30pm, Saturday 16th October 2021.",Brentford Community Stadium,Brentford,Chelsea,0,1,Chelsea,1,"166 Lionel Road North, Brentford, London Borough of Hounslow, England, UK","Fulham,
London, SW6
England"
144,144,144,https://www.skysports.com/football/crystal-palace-vs-leicester-city/446351,"2:00pm, Sunday 3rd October 2021.",Selhurst Park,C Palace,Leicester,2,2,Leicester,2,"Selhurst
London, SE25
England",
145,145,145,https://www.skysports.com/football/tottenham-hotspur-vs-aston-villa/446355,"2:00pm, Sunday 3rd October 2021.",Tottenham Hotspur Stadium,Tottenham,A Villa,2,1,Tottenham,2,"Tottenham,
London, N17","Tottenham,
London, N17"
146,146,146,https://www.skysports.com/football/west-ham-united-vs-brentford/446356,"2:00pm, Sunday 3rd October 2021.",London Stadium,West Ham,Brentford,1,2,Brentford,2,"Queen Elizabeth Olympic Park, Stratford
London, E20","166 Lionel Road North, Brentford, London Borough of Hounslow, England, UK"
147,147,147,https://www.skysports.com/football/liverpool-vs-manchester-city/446353,"4:30pm, Sunday 3rd October 2021.",Anfield,Liverpool,Man City,2,2,Man City,2,"Anfield, Liverpool, Merseyside, England","Etihad Campus
Manchester
M11 3FF"
148,148,148,https://www.skysports.com/football/manchester-united-vs-everton/446354,"12:30pm, Saturday 2nd October 2021.",Old Trafford,Man Utd,Everton,1,1,Everton,1,"Sir Matt Busby Way
Old Trafford
Trafford
Greater Manchester
England","Goodison Road
Walton, Liverpool, England"
149,149,149,https://www.skysports.com/football/burnley-vs-norwich-city/446349,"3:00pm, Saturday 2nd October 2021.",Turf Moor,Burnley,Norwich,0,0,Norwich,0,"Burnley, Lancashire, England","Norwich, Norfolk, England"
150,150,150,https://www.skysports.com/football/chelsea-vs-southampton/446350,"3:00pm, Saturday 2nd October 2021.",Stamford Bridge,Chelsea,So'ton,3,1,Chelsea,3,"Fulham,
London, SW6
England","Fulham,
London, SW6
England"
151,151,151,https://www.skysports.com/football/leeds-united-vs-watford/446352,"3:00pm, Saturday 2nd October 2021.",Elland Road,Leeds,Watford,1,0,Leeds,1,"Elland Road, Beeston, Leeds, England LS11 0ES","Elland Road, Beeston, Leeds, England LS11 0ES"
152,152,152,https://www.skysports.com/football/wolverhampton-wanderers-vs-newcastle-united/446357,"3:00pm, Saturday 2nd October 2021.",Molineux,Wolves,Newcastle,2,1,Wolves,2,"Waterloo Road, Wolverhampton","Waterloo Road, Wolverhampton"
153,153,153,https://www.skysports.com/football/brighton-and-hove-albion-vs-arsenal/446348,"5:30pm, Saturday 2nd October 2021.",Amex Stadium,Brighton,Arsenal,0,0,Arsenal,0,"Falmer, Brighton, East Sussex, England","Highbury House,
75 Drayton Park,
London, N5 1BU
England[1]"
154,154,154,https://www.skysports.com/football/crystal-palace-vs-brighton-and-hove-albion/446341,"8:00pm, Monday 27th September 2021.",Selhurst Park,C Palace,Brighton,1,1,Brighton,1,"Selhurst
London, SE25
England","Falmer, Brighton, East Sussex, England"
155,155,155,https://www.skysports.com/football/southampton-vs-wolverhampton-wanderers/446346,"2:00pm, Sunday 26th September 2021.",St. Mary's Stadium,So'ton,Wolves,0,1,Wolves,1,"Britannia Rd, Southampton, England","Waterloo Road, Wolverhampton"
156,156,156,https://www.skysports.com/football/arsenal-vs-tottenham-hotspur/446338,"4:30pm, Sunday 26th September 2021.",Emirates Stadium,Arsenal,Tottenham,3,1,Arsenal,3,"Highbury House,
75 Drayton Park,
London, N5 1BU
England[1]","Highbury House,
75 Drayton Park,
London, N5 1BU
England[1]"
157,157,157,https://www.skysports.com/football/chelsea-vs-manchester-city/446340,"12:30pm, Saturday 25th September 2021.",Stamford Bridge,Chelsea,Man City,0,1,Man City,1,"Fulham,
London, SW6
England","Etihad Campus
Manchester
M11 3FF"
158,158,158,https://www.skysports.com/football/manchester-united-vs-aston-villa/446345,"12:30pm, Saturday 25th September 2021.",Old Trafford,Man Utd,A Villa,0,1,A Villa,1,"Sir Matt Busby Way
Old Trafford
Trafford
Greater Manchester
England","Trinity Road, Birmingham B6 6HE"
159,159,159,https://www.skysports.com/football/everton-vs-norwich-city/446342,"3:00pm, Saturday 25th September 2021.",Goodison Park,Everton,Norwich,2,0,Everton,2,"Goodison Road
Walton, Liverpool, England","Goodison Road
Walton, Liverpool, England"
160,160,160,https://www.skysports.com/football/leeds-united-vs-west-ham-united/446343,"3:00pm, Saturday 25th September 2021.",Elland Road,Leeds,West Ham,1,2,West Ham,2,"Elland Road, Beeston, Leeds, England LS11 0ES","Queen Elizabeth Olympic Park, Stratford
London, E20"
161,161,161,https://www.skysports.com/football/leicester-city-vs-burnley/446344,"3:00pm, Saturday 25th September 2021.",The King Power Stadium,Leicester,Burnley,2,2,Burnley,2,"Filbert Way
Leicester
LE2 7FL","Burnley, Lancashire, England"
162,162,162,https://www.skysports.com/football/watford-vs-newcastle-united/446347,"3:00pm, Saturday 25th September 2021.",Vicarage Road,Watford,Newcastle,1,1,Newcastle,1,"Vicarage Road
Watford
WD18 0ER",Newcastle upon Tyne NE1 4ST
163,163,163,https://www.skysports.com/football/brentford-vs-liverpool/446339,"5:30pm, Saturday 25th September 2021.",Brentford Community Stadium,Brentford,Liverpool,3,3,Liverpool,3,"166 Lionel Road North, Brentford, London Borough of Hounslow, England, UK","Anfield, Liverpool, Merseyside, England"
164,164,164,https://www.skysports.com/football/brighton-and-hove-albion-vs-leicester-city/446329,"2:00pm, Sunday 19th September 2021.",Amex Stadium,Brighton,Leicester,2,1,Brighton,2,"Falmer, Brighton, East Sussex, England","Falmer, Brighton, East Sussex, England"
165,165,165,https://www.skysports.com/football/west-ham-united-vs-manchester-united/446336,"2:00pm, Sunday 19th September 2021.",London Stadium,West Ham,Man Utd,1,2,Man Utd,2,"Queen Elizabeth Olympic Park, Stratford
London, E20","Sir Matt Busby Way
Old Trafford
Trafford
Greater Manchester
England"
166,166,166,https://www.skysports.com/football/tottenham-hotspur-vs-chelsea/446335,"4:30pm, Sunday 19th September 2021.",Tottenham Hotspur Stadium,Tottenham,Chelsea,0,3,Chelsea,3,"Tottenham,
London, N17","Fulham,
London, SW6
England"
167,167,167,https://www.skysports.com/football/wolverhampton-wanderers-vs-brentford/446337,"12:30pm, Saturday 18th September 2021.",Molineux,Wolves,Brentford,0,2,Brentford,2,"Waterloo Road, Wolverhampton","166 Lionel Road North, Brentford, London Borough of Hounslow, England, UK"
168,168,168,https://www.skysports.com/football/burnley-vs-arsenal/446330,"3:00pm, Saturday 18th September 2021.",Turf Moor.,Burnley,Arsenal,0,1,Arsenal,1,"Burnley, Lancashire, England","Highbury House,
75 Drayton Park,
London, N5 1BU
England[1]"
169,169,169,https://www.skysports.com/football/liverpool-vs-crystal-palace/446331,"3:00pm, Saturday 18th September 2021.",Anfield,Liverpool,C Palace,3,0,Liverpool,3,"Anfield, Liverpool, Merseyside, England","Anfield, Liverpool, Merseyside, England"
170,170,170,https://www.skysports.com/football/manchester-city-vs-southampton/446332,"3:00pm, Saturday 18th September 2021.",Etihad Stadium,Man City,So'ton,0,0,So'ton,0,"Etihad Campus
Manchester
M11 3FF","Britannia Rd, Southampton, England"
171,171,171,https://www.skysports.com/football/norwich-city-vs-watford/446334,"3:00pm, Saturday 18th September 2021.",Carrow Road,Norwich,Watford,1,3,Watford,3,"Norwich, Norfolk, England","Vicarage Road
Watford
WD18 0ER"
172,172,172,https://www.skysports.com/football/aston-villa-vs-everton/446328,"5:30pm, Saturday 18th September 2021.",Villa Park,A Villa,Everton,3,0,A Villa,3,"Trinity Road, Birmingham B6 6HE","Trinity Road, Birmingham B6 6HE"
173,173,173,https://www.skysports.com/football/newcastle-united-vs-leeds-united/446333,"8:00pm, Friday 17th September 2021.","St James' Park, Newcastle",Newcastle,Leeds,1,1,Leeds,1,Newcastle upon Tyne NE1 4ST,"Elland Road, Beeston, Leeds, England LS11 0ES"
174,174,174,https://www.skysports.com/football/everton-vs-burnley/446322,"8:00pm, Monday 13th September 2021.",Goodison Park,Everton,Burnley,3,1,Everton,3,"Goodison Road
Walton, Liverpool, England","Goodison Road
Walton, Liverpool, England"
175,175,175,https://www.skysports.com/football/leeds-united-vs-liverpool/446323,"4:30pm, Sunday 12th September 2021.",Elland Road,Leeds,Liverpool,0,3,Liverpool,3,"Elland Road, Beeston, Leeds, England LS11 0ES","Anfield, Liverpool, Merseyside, England"
176,176,176,https://www.skysports.com/football/crystal-palace-vs-tottenham-hotspur/446321,"12:30pm, Saturday 11th September 2021.",Selhurst Park,C Palace,Tottenham,3,0,C Palace,3,"Selhurst
London, SE25
England","Selhurst
London, SE25
England"
177,177,177,https://www.skysports.com/football/arsenal-vs-norwich-city/446318,"3:00pm, Saturday 11th September 2021.",Emirates Stadium,Arsenal,Norwich,1,0,Arsenal,1,"Highbury House,
75 Drayton Park,
London, N5 1BU
England[1]","Highbury House,
75 Drayton Park,
London, N5 1BU
England[1]"
178,178,178,https://www.skysports.com/football/brentford-vs-brighton-and-hove-albion/446319,"3:00pm, Saturday 11th September 2021.",Brentford Community Stadium,Brentford,Brighton,0,1,Brighton,1,"166 Lionel Road North, Brentford, London Borough of Hounslow, England, UK","Falmer, Brighton, East Sussex, England"
179,179,179,https://www.skysports.com/football/leicester-city-vs-manchester-city/446324,"3:00pm, Saturday 11th September 2021.",The King Power Stadium,Leicester,Man City,0,1,Man City,1,"Filbert Way
Leicester
LE2 7FL","Etihad Campus
Manchester
M11 3FF"
180,180,180,https://www.skysports.com/football/manchester-united-vs-newcastle-united/446325,"3:00pm, Saturday 11th September 2021.",Old Trafford,Man Utd,Newcastle,4,1,Man Utd,4,"Sir Matt Busby Way
Old Trafford
Trafford
Greater Manchester
England","Sir Matt Busby Way
Old Trafford
Trafford
Greater Manchester
England"
181,181,181,https://www.skysports.com/football/southampton-vs-west-ham-united/446326,"3:00pm, Saturday 11th September 2021.",St. Mary's Stadium.,So'ton,West Ham,0,0,West Ham,0,"Britannia Rd, Southampton, England","Queen Elizabeth Olympic Park, Stratford
London, E20"
182,182,182,https://www.skysports.com/football/watford-vs-wolverhampton-wanderers/446327,"3:00pm, Saturday 11th September 2021.",Vicarage Road,Watford,Wolves,0,2,Wolves,2,"Vicarage Road
Watford
WD18 0ER","Waterloo Road, Wolverhampton"
183,183,183,https://www.skysports.com/football/chelsea-vs-aston-villa/446320,"5:30pm, Saturday 11th September 2021.",Stamford Bridge,Chelsea,A Villa,3,0,Chelsea,3,"Fulham,
London, SW6
England","Fulham,
London, SW6
England"
184,184,184,https://www.skysports.com/football/burnley-vs-leeds-united/446310,"2:00pm, Sunday 29th August 2021.",Turf Moor,Burnley,Leeds,1,1,Leeds,1,"Burnley, Lancashire, England","Elland Road, Beeston, Leeds, England LS11 0ES"
185,185,185,https://www.skysports.com/football/tottenham-hotspur-vs-watford/446315,"2:00pm, Sunday 29th August 2021.",Tottenham Hotspur Stadium,Tottenham,Watford,1,0,Tottenham,1,"Tottenham,
London, N17","Tottenham,
London, N17"
186,186,186,https://www.skysports.com/football/wolverhampton-wanderers-vs-manchester-united/446317,"4:30pm, Sunday 29th August 2021.",Molineux,Wolves,Man Utd,0,1,Man Utd,1,"Waterloo Road, Wolverhampton","Sir Matt Busby Way
Old Trafford
Trafford
Greater Manchester
England"
187,187,187,https://www.skysports.com/football/manchester-city-vs-arsenal/446312,"12:30pm, Saturday 28th August 2021.",Etihad Stadium,Man City,Arsenal,5,0,Man City,5,"Etihad Campus
Manchester
M11 3FF","Etihad Campus
Manchester
M11 3FF"
188,188,188,https://www.skysports.com/football/aston-villa-vs-brentford/446308,"3:00pm, Saturday 28th August 2021.",Villa Park,A Villa,Brentford,1,1,Brentford,1,"Trinity Road, Birmingham B6 6HE","166 Lionel Road North, Brentford, London Borough of Hounslow, England, UK"
189,189,189,https://www.skysports.com/football/brighton-and-hove-albion-vs-everton/446309,"3:00pm, Saturday 28th August 2021.",Amex Stadium,Brighton,Everton,0,2,Everton,2,"Falmer, Brighton, East Sussex, England","Goodison Road
Walton, Liverpool, England"
190,190,190,https://www.skysports.com/football/newcastle-united-vs-southampton/446313,"3:00pm, Saturday 28th August 2021.","St James' Park, Newcastle",Newcastle,So'ton,2,2,So'ton,2,Newcastle upon Tyne NE1 4ST,"Britannia Rd, Southampton, England"
191,191,191,https://www.skysports.com/football/norwich-city-vs-leicester-city/446314,"3:00pm, Saturday 28th August 2021.",Carrow Road,Norwich,Leicester,1,2,Leicester,2,"Norwich, Norfolk, England",
192,192,192,https://www.skysports.com/football/west-ham-united-vs-crystal-palace/446316,"3:00pm, Saturday 28th August 2021.",London Stadium,West Ham,C Palace,2,2,C Palace,2,"Queen Elizabeth Olympic Park, Stratford
London, E20","Selhurst
London, SE25
England"
193,193,193,https://www.skysports.com/football/liverpool-vs-chelsea/446311,"5:30pm, Saturday 28th August 2021.",Anfield.,Liverpool,Chelsea,1,1,Chelsea,1,"Anfield, Liverpool, Merseyside, England","Fulham,
London, SW6
England"
194,194,194,https://www.skysports.com/football/west-ham-united-vs-leicester-city/446306,"8:00pm, Monday 23rd August 2021.",London Stadium,West Ham,Leicester,4,1,West Ham,4,"Queen Elizabeth Olympic Park, Stratford
London, E20","Queen Elizabeth Olympic Park, Stratford
London, E20"
195,195,195,https://www.skysports.com/football/southampton-vs-manchester-united/446305,"2:00pm, Sunday 22nd August 2021.",St. Mary's Stadium,So'ton,Man Utd,1,1,Man Utd,1,"Britannia Rd, Southampton, England","Sir Matt Busby Way
Old Trafford
Trafford
Greater Manchester
England"
196,196,196,https://www.skysports.com/football/wolverhampton-wanderers-vs-tottenham-hotspur/446307,"2:00pm, Sunday 22nd August 2021.",Molineux,Wolves,Tottenham,0,1,Tottenham,1,"Waterloo Road, Wolverhampton","Tottenham,
London, N17"
197,197,197,https://www.skysports.com/football/arsenal-vs-chelsea/446298,"4:30pm, Sunday 22nd August 2021.",Emirates Stadium,Arsenal,Chelsea,0,2,Chelsea,2,"Highbury House,
75 Drayton Park,
London, N5 1BU
England[1]","Fulham,
London, SW6
England"
198,198,198,https://www.skysports.com/football/liverpool-vs-burnley/446303,"12:30pm, Saturday 21st August 2021.",Anfield,Liverpool,Burnley,2,0,Liverpool,2,"Anfield, Liverpool, Merseyside, England","Anfield, Liverpool, Merseyside, England"
199,199,199,https://www.skysports.com/football/aston-villa-vs-newcastle-united/446299,"3:00pm, Saturday 21st August 2021.",Villa Park,A Villa,Newcastle,2,0,A Villa,2,"Trinity Road, Birmingham B6 6HE","Trinity Road, Birmingham B6 6HE"
200,200,200,https://www.skysports.com/football/crystal-palace-vs-brentford/446301,"3:00pm, Saturday 21st August 2021.",Selhurst Park,C Palace,Brentford,0,0,Brentford,0,"Selhurst
London, SE25
England","166 Lionel Road North, Brentford, London Borough of Hounslow, England, UK"
201,201,201,https://www.skysports.com/football/leeds-united-vs-everton/446302,"3:00pm, Saturday 21st August 2021.",Elland Road,Leeds,Everton,2,2,Everton,2,"Elland Road, Beeston, Leeds, England LS11 0ES","Goodison Road
Walton, Liverpool, England"
202,202,202,https://www.skysports.com/football/manchester-city-vs-norwich-city/446304,"3:00pm, Saturday 21st August 2021.",Etihad Stadium,Man City,Norwich,5,0,Man City,5,"Etihad Campus
Manchester
M11 3FF","Etihad Campus
Manchester
M11 3FF"
203,203,203,https://www.skysports.com/football/brighton-and-hove-albion-vs-watford/446300,"5:30pm, Saturday 21st August 2021.",Amex Stadium,Brighton,Watford,2,0,Brighton,2,"Falmer, Brighton, East Sussex, England","Falmer, Brighton, East Sussex, England"
204,204,204,https://www.skysports.com/football/newcastle-united-vs-west-ham-united/446294,"2:00pm, Sunday 15th August 2021.","St James' Park, Newcastle",Newcastle,West Ham,2,4,West Ham,4,Newcastle upon Tyne NE1 4ST,"Queen Elizabeth Olympic Park, Stratford
London, E20"
205,205,205,https://www.skysports.com/football/tottenham-hotspur-vs-manchester-city/446296,"4:30pm, Sunday 15th August 2021.",Tottenham Hotspur Stadium,Tottenham,Man City,1,0,Tottenham,1,"Tottenham,
London, N17","Tottenham,
London, N17"
206,206,206,https://www.skysports.com/football/manchester-united-vs-leeds-united/446293,"12:30pm, Saturday 14th August 2021.",Old Trafford,Man Utd,Leeds,5,1,Man Utd,5,"Sir Matt Busby Way
Old Trafford
Trafford
Greater Manchester
England","Sir Matt Busby Way
Old Trafford
Trafford
Greater Manchester
England"
207,207,207,https://www.skysports.com/football/burnley-vs-brighton-and-hove-albion/446289,"3:00pm, Saturday 14th August 2021.",Turf Moor,Burnley,Brighton,1,2,Brighton,2,"Burnley, Lancashire, England","Falmer, Brighton, East Sussex, England"
208,208,208,https://www.skysports.com/football/chelsea-vs-crystal-palace/446290,"3:00pm, Saturday 14th August 2021.",Stamford Bridge,Chelsea,C Palace,3,0,Chelsea,3,"Fulham,
London, SW6
England","Fulham,
London, SW6
England"
209,209,209,https://www.skysports.com/football/everton-vs-southampton/446291,"3:00pm, Saturday 14th August 2021.",Goodison Park,Everton,So'ton,3,1,Everton,3,"Goodison Road
Walton, Liverpool, England","Goodison Road
Walton, Liverpool, England"
210,210,210,https://www.skysports.com/football/leicester-city-vs-wolverhampton-wanderers/446292,"3:00pm, Saturday 14th August 2021.",The King Power Stadium,Leicester,Wolves,1,0,Leicester,1,"Filbert Way
Leicester
LE2 7FL",
211,211,211,https://www.skysports.com/football/watford-vs-aston-villa/446297,"3:00pm, Saturday 14th August 2021.",Vicarage Road,Watford,A Villa,3,2,Watford,3,"Vicarage Road
Watford
WD18 0ER","Vicarage Road
Watford
WD18 0ER"
212,212,212,https://www.skysports.com/football/norwich-city-vs-liverpool/446295,"5:30pm, Saturday 14th August 2021.",Carrow Road,Norwich,Liverpool,0,3,Liverpool,3,"Norwich, Norfolk, England","Anfield, Liverpool, Merseyside, England"
213,213,213,https://www.skysports.com/football/brentford-vs-arsenal/446288,"8:00pm, Friday 13th August 2021.",Brentford Community Stadium,Brentford,Arsenal,2,0,Brentford,2,"166 Lionel Road North, Brentford, London Borough of Hounslow, England, UK","166 Lionel Road North, Brentford, London Borough of Hounslow, England, UK"
