,date,time,teamA,teamB,teamA_score,teamB_score,winner_Team,winner_score,venue_location,venue,venue_city,venue_state,venue_country,winner_location
0,02/03/2019,18:00,Philadelphia Union,Toronto FC,1.0,3.0,Toronto FC,3.0,"Subaru Park, Chester, PA (USA)",Subaru Park, Chester, PA ,USA,BMO Field
1,02/03/2019,19:30,Orlando City,New York City FC,2.0,2.0,,,"Exploria Stadium, Orlando, FL (USA)",Exploria Stadium, Orlando, FL ,USA,
2,02/03/2019,21:30,Columbus Crew,New York RB,1.0,1.0,,,"MAPFRE Stadium, Columbus, OH (USA)",MAPFRE Stadium, Columbus, OH ,USA,
3,02/03/2019,21:30,FC Dallas,New England Revolution,1.0,1.0,,,"Toyota Stadium, Frisco, TX (USA)",Toyota Stadium, Frisco, TX ,USA,
4,02/03/2019,23:00,Colorado Rapids,Portland Timbers,3.0,3.0,,,"Dick's Sporting Goods Park, Commerce City, CO (USA)",Dick's Sporting Goods Park, Commerce City, CO ,USA,
5,02/03/2019,23:00,Houston Dynamo,Real Salt Lake,1.0,1.0,,,"PNC Stadium, Houston, TX (USA)",PNC Stadium, Houston, TX ,USA,
6,02/03/2019,23:00,Vancouver Whitecaps,Minnesota United FC,2.0,3.0,Minnesota United FC,3.0,"BC Place, Vancouver, BC (Canada)",BC Place, Vancouver, BC ,Canada,Allianz Field
7,03/03/2019,01:00,Los Angeles Galaxy,Chicago Fire,2.0,1.0,Los Angeles Galaxy,2.0,"Dignity Health Sports Park, Carson, CA (USA)",Dignity Health Sports Park, Carson, CA ,USA,Dignity Health Sports Park
8,03/03/2019,03:00,San Jose Earthquakes,Impact de Montréal,1.0,2.0,Impact de Montréal,2.0,"Earthquakes Stadium, San Jose, CA (USA)",Earthquakes Stadium, San Jose, CA ,USA,Stade Saputo
9,03/03/2019,03:00,Seattle Sounders,FC Cincinnati,4.0,1.0,Seattle Sounders,4.0,"Lumen Field, Seattle, WA (USA)",Lumen Field, Seattle, WA ,USA,Lumen Field
10,03/03/2019,23:00,D.C. United,Atlanta United FC,2.0,0.0,D.C. United,2.0,"Audi Field, Washington, D.C. (USA)",Audi Field, Washington, D.C. ,USA,Audi Field
11,04/03/2019,01:30,Los Angeles FC,Sporting Kansas City,2.0,1.0,Los Angeles FC,2.0,"Banc of California Stadium, Los Angeles, CA (USA)",Banc of California Stadium, Los Angeles, CA ,USA,Banc of California Stadium
12,09/03/2019,18:00,Chicago Fire,Orlando City,1.0,1.0,,,"SeatGeek Stadium, Bridgeview, IL (USA)",SeatGeek Stadium, Bridgeview, IL ,USA,
13,09/03/2019,19:00,New England Revolution,Columbus Crew,0.0,2.0,Columbus Crew,2.0,"Gillette Stadium, Foxborough, MA (USA)",Gillette Stadium, Foxborough, MA ,USA,Lower.com Field
14,09/03/2019,20:30,FC Dallas,Los Angeles Galaxy,2.0,0.0,FC Dallas,2.0,"Toyota Stadium, Frisco, TX (USA)",Toyota Stadium, Frisco, TX ,USA,Toyota Stadium
15,09/03/2019,22:00,Houston Dynamo,Impact de Montréal,2.0,1.0,Houston Dynamo,2.0,"PNC Stadium, Houston, TX (USA)",PNC Stadium, Houston, TX ,USA,PNC Stadium
16,09/03/2019,23:00,Real Salt Lake,Vancouver Whitecaps,1.0,0.0,Real Salt Lake,1.0,"Rio Tinto Stadium, Sandy, UT (USA)",Rio Tinto Stadium, Sandy, UT ,USA,Rio Tinto Stadium
17,10/03/2019,01:00,San Jose Earthquakes,Minnesota United FC,0.0,3.0,Minnesota United FC,3.0,"Earthquakes Stadium, San Jose, CA (USA)",Earthquakes Stadium, San Jose, CA ,USA,Allianz Field
18,10/03/2019,03:00,Seattle Sounders,Colorado Rapids,2.0,0.0,Seattle Sounders,2.0,"Lumen Field, Seattle, WA (USA)",Lumen Field, Seattle, WA ,USA,Lumen Field
19,10/03/2019,19:00,New York City FC,D.C. United,0.0,0.0,,,"Yankee Stadium, New York City, NY (USA)",Yankee Stadium, New York City, NY ,USA,
20,10/03/2019,19:00,Sporting Kansas City,Philadelphia Union,2.0,0.0,Sporting Kansas City,2.0,"Children's Mercy Park, Kansas City, KS (USA)",Children's Mercy Park, Kansas City, KS ,USA,Children's Mercy Park
21,10/03/2019,21:00,Atlanta United FC,FC Cincinnati,1.0,1.0,,,"Mercedes-Benz Stadium, Atlanta, GA (USA)",Mercedes-Benz Stadium, Atlanta, GA ,USA,
22,10/03/2019,23:30,Los Angeles FC,Portland Timbers,4.0,1.0,Los Angeles FC,4.0,"Banc of California Stadium, Los Angeles, CA (USA)",Banc of California Stadium, Los Angeles, CA ,USA,Banc of California Stadium
23,16/03/2019,17:00,Chicago Fire,Seattle Sounders,2.0,4.0,Seattle Sounders,4.0,"SeatGeek Stadium, Bridgeview, IL (USA)",SeatGeek Stadium, Bridgeview, IL ,USA,Lumen Field
24,16/03/2019,18:00,Columbus Crew,FC Dallas,1.0,0.0,Columbus Crew,1.0,"MAPFRE Stadium, Columbus, OH (USA)",MAPFRE Stadium, Columbus, OH ,USA,Lower.com Field
25,16/03/2019,19:00,Houston Dynamo,Vancouver Whitecaps,3.0,2.0,Houston Dynamo,3.0,"PNC Stadium, Houston, TX (USA)",PNC Stadium, Houston, TX ,USA,PNC Stadium
26,16/03/2019,19:30,New York RB,San Jose Earthquakes,4.0,1.0,New York RB,4.0,"Red Bull Arena, Harrison, NJ (USA)",Red Bull Arena, Harrison, NJ ,USA,Red Bull Arena
27,16/03/2019,20:00,Orlando City,Impact de Montréal,1.0,3.0,Impact de Montréal,3.0,"Exploria Stadium, Orlando, FL (USA)",Exploria Stadium, Orlando, FL ,USA,Stade Saputo
28,17/03/2019,00:00,D.C. United,Real Salt Lake,5.0,0.0,D.C. United,5.0,"Audi Field, Washington, D.C. (USA)",Audi Field, Washington, D.C. ,USA,Audi Field
29,17/03/2019,02:30,Los Angeles Galaxy,Minnesota United FC,3.0,2.0,Los Angeles Galaxy,3.0,"Dignity Health Sports Park, Carson, CA (USA)",Dignity Health Sports Park, Carson, CA ,USA,Dignity Health Sports Park
30,17/03/2019,19:00,New York City FC,Los Angeles FC,2.0,2.0,,,"Yankee Stadium, New York City, NY (USA)",Yankee Stadium, New York City, NY ,USA,
31,17/03/2019,21:00,FC Cincinnati,Portland Timbers,3.0,0.0,FC Cincinnati,3.0,"Nippert Stadium, Cincinnati, OH (USA)",Nippert Stadium, Cincinnati, OH ,USA,TQL Stadium
32,17/03/2019,23:00,Atlanta United FC,Philadelphia Union,1.0,1.0,,,"Mercedes-Benz Stadium, Atlanta, GA (USA)",Mercedes-Benz Stadium, Atlanta, GA ,USA,
33,17/03/2019,23:30,Toronto FC,New England Revolution,3.0,2.0,Toronto FC,3.0,"BMO Field, Toronto, ON (Canada)",BMO Field, Toronto, ON ,Canada,BMO Field
34,18/03/2019,01:00,Colorado Rapids,Sporting Kansas City,1.0,1.0,,,"Dick's Sporting Goods Park, Commerce City, CO (USA)",Dick's Sporting Goods Park, Commerce City, CO ,USA,
35,23/03/2019,21:55,FC Dallas,Colorado Rapids,2.0,1.0,FC Dallas,2.0,"Toyota Stadium, Frisco, TX (USA)",Toyota Stadium, Frisco, TX ,USA,Toyota Stadium
36,23/03/2019,23:30,Philadelphia Union,Columbus Crew,3.0,0.0,Philadelphia Union,3.0,"Subaru Park, Chester, PA (USA)",Subaru Park, Chester, PA ,USA,Subaru Park
37,23/03/2019,23:30,New York RB,Orlando City,0.0,1.0,Orlando City,1.0,"Red Bull Arena, Harrison, NJ (USA)",Red Bull Arena, Harrison, NJ ,USA,Exploria Stadium
38,24/03/2019,02:30,Los Angeles FC,Real Salt Lake,2.0,1.0,Los Angeles FC,2.0,"Banc of California Stadium, Los Angeles, CA (USA)",Banc of California Stadium, Los Angeles, CA ,USA,Banc of California Stadium
39,24/03/2019,20:00,New England Revolution,FC Cincinnati,0.0,2.0,FC Cincinnati,2.0,"Gillette Stadium, Foxborough, MA (USA)",Gillette Stadium, Foxborough, MA ,USA,TQL Stadium
40,30/03/2019,00:00,Toronto FC,New York City FC,4.0,0.0,Toronto FC,4.0,"BMO Field, Toronto, ON (Canada)",BMO Field, Toronto, ON ,Canada,BMO Field
41,30/03/2019,17:00,Chicago Fire,New York RB,1.0,0.0,Chicago Fire,1.0,"SeatGeek Stadium, Bridgeview, IL (USA)",SeatGeek Stadium, Bridgeview, IL ,USA,Soldier Field
42,30/03/2019,18:00,New England Revolution,Minnesota United FC,2.0,1.0,New England Revolution,2.0,"Gillette Stadium, Foxborough, MA (USA)",Gillette Stadium, Foxborough, MA ,USA,Gillette Stadium
43,30/03/2019,19:00,Sporting Kansas City,Impact de Montréal,7.0,1.0,Sporting Kansas City,7.0,"Children's Mercy Park, Kansas City, KS (USA)",Children's Mercy Park, Kansas City, KS ,USA,Children's Mercy Park
44,30/03/2019,19:30,San Jose Earthquakes,Los Angeles FC,0.0,5.0,Los Angeles FC,5.0,"Earthquakes Stadium, San Jose, CA (USA)",Earthquakes Stadium, San Jose, CA ,USA,Banc of California Stadium
45,30/03/2019,23:30,FC Cincinnati,Philadelphia Union,0.0,2.0,Philadelphia Union,2.0,"Nippert Stadium, Cincinnati, OH (USA)",Nippert Stadium, Cincinnati, OH ,USA,Subaru Park
46,30/03/2019,23:30,Columbus Crew,Atlanta United FC,2.0,0.0,Columbus Crew,2.0,"MAPFRE Stadium, Columbus, OH (USA)",MAPFRE Stadium, Columbus, OH ,USA,Lower.com Field
47,31/03/2019,02:00,Colorado Rapids,Houston Dynamo,1.0,4.0,Houston Dynamo,4.0,"Dick's Sporting Goods Park, Commerce City, CO (USA)",Dick's Sporting Goods Park, Commerce City, CO ,USA,PNC Stadium
48,31/03/2019,02:00,Real Salt Lake,FC Dallas,2.0,4.0,FC Dallas,4.0,"Rio Tinto Stadium, Sandy, UT (USA)",Rio Tinto Stadium, Sandy, UT ,USA,Toyota Stadium
49,31/03/2019,03:00,Vancouver Whitecaps,Seattle Sounders,0.0,0.0,,,"BC Place, Vancouver, BC (Canada)",BC Place, Vancouver, BC ,Canada,
50,2. Round,2. Round,2. Round,2. Round,2.0,,,,,,,,,
51,2. Round,23:30,Orlando City,D.C. United,1.0,2.0,D.C. United,2.0,"Exploria Stadium, Orlando, FL (USA)",Exploria Stadium, Orlando, FL ,USA,Audi Field
52,01/04/2019,02:00,Los Angeles Galaxy,Portland Timbers,2.0,1.0,Los Angeles Galaxy,2.0,"Dignity Health Sports Park, Carson, CA (USA)",Dignity Health Sports Park, Carson, CA ,USA,Dignity Health Sports Park
53,06/04/2019,03:00,Vancouver Whitecaps,Los Angeles Galaxy,0.0,2.0,Los Angeles Galaxy,2.0,"BC Place, Vancouver, BC (Canada)",BC Place, Vancouver, BC ,Canada,Dignity Health Sports Park
54,06/04/2019,18:00,New York City FC,Impact de Montréal,0.0,0.0,,,"Yankee Stadium, New York City, NY (USA)",Yankee Stadium, New York City, NY ,USA,
55,06/04/2019,20:00,D.C. United,Los Angeles FC,0.0,4.0,Los Angeles FC,4.0,"Audi Field, Washington, D.C. (USA)",Audi Field, Washington, D.C. ,USA,Banc of California Stadium
56,06/04/2019,20:00,Toronto FC,Chicago Fire,2.0,2.0,,,"BMO Field, Toronto, ON (Canada)",BMO Field, Toronto, ON ,Canada,
57,07/04/2019,00:00,New York RB,Minnesota United FC,1.0,2.0,Minnesota United FC,2.0,"Red Bull Arena, Harrison, NJ (USA)",Red Bull Arena, Harrison, NJ ,USA,Allianz Field
58,07/04/2019,00:30,Columbus Crew,New England Revolution,1.0,0.0,Columbus Crew,1.0,"MAPFRE Stadium, Columbus, OH (USA)",MAPFRE Stadium, Columbus, OH ,USA,Lower.com Field
59,07/04/2019,00:30,Orlando City,Colorado Rapids,4.0,3.0,Orlando City,4.0,"Exploria Stadium, Orlando, FL (USA)",Exploria Stadium, Orlando, FL ,USA,Exploria Stadium
60,07/04/2019,00:30,Philadelphia Union,FC Dallas,2.0,1.0,Philadelphia Union,2.0,"Subaru Park, Chester, PA (USA)",Subaru Park, Chester, PA ,USA,Subaru Park
61,07/04/2019,01:00,San Jose Earthquakes,Portland Timbers,3.0,0.0,San Jose Earthquakes,3.0,"Earthquakes Stadium, San Jose, CA (USA)",Earthquakes Stadium, San Jose, CA ,USA,Earthquakes Stadium
62,07/04/2019,03:00,Seattle Sounders,Real Salt Lake,1.0,0.0,Seattle Sounders,1.0,"Lumen Field, Seattle, WA (USA)",Lumen Field, Seattle, WA ,USA,Lumen Field
63,07/04/2019,20:00,FC Cincinnati,Sporting Kansas City,1.0,1.0,,,"Nippert Stadium, Cincinnati, OH (USA)",Nippert Stadium, Cincinnati, OH ,USA,
64,10/04/2019,01:00,D.C. United,Impact de Montréal,0.0,0.0,,,"Audi Field, Washington, D.C. (USA)",Audi Field, Washington, D.C. ,USA,
65,13/04/2019,01:30,Chicago Fire,Vancouver Whitecaps,1.0,1.0,,,"SeatGeek Stadium, Bridgeview, IL (USA)",SeatGeek Stadium, Bridgeview, IL ,USA,
66,13/04/2019,18:00,Impact de Montréal,Columbus Crew,1.0,0.0,Impact de Montréal,1.0,"Stade Saputo, Montréal, QC (Canada)",Stade Saputo, Montréal, QC ,Canada,Stade Saputo
67,13/04/2019,20:00,Houston Dynamo,San Jose Earthquakes,2.0,1.0,Houston Dynamo,2.0,"PNC Stadium, Houston, TX (USA)",PNC Stadium, Houston, TX ,USA,PNC Stadium
68,13/04/2019,21:00,Seattle Sounders,Toronto FC,3.0,2.0,Seattle Sounders,3.0,"Lumen Field, Seattle, WA (USA)",Lumen Field, Seattle, WA ,USA,Lumen Field
69,13/04/2019,22:00,Minnesota United FC,New York City FC,3.0,3.0,,,"Allianz Field, Saint Paul, MN (USA)",Allianz Field, Saint Paul, MN ,USA,
70,14/04/2019,00:30,New England Revolution,Atlanta United FC,0.0,2.0,Atlanta United FC,2.0,"Gillette Stadium, Foxborough, MA (USA)",Gillette Stadium, Foxborough, MA ,USA,Mercedes-Benz Stadium
71,14/04/2019,01:00,FC Dallas,Portland Timbers,2.0,1.0,FC Dallas,2.0,"Toyota Stadium, Frisco, TX (USA)",Toyota Stadium, Frisco, TX ,USA,Toyota Stadium
72,14/04/2019,02:00,Colorado Rapids,D.C. United,2.0,3.0,D.C. United,3.0,"Dick's Sporting Goods Park, Commerce City, CO (USA)",Dick's Sporting Goods Park, Commerce City, CO ,USA,Audi Field
73,14/04/2019,02:00,Real Salt Lake,Orlando City,2.0,1.0,Real Salt Lake,2.0,"Rio Tinto Stadium, Sandy, UT (USA)",Rio Tinto Stadium, Sandy, UT ,USA,Rio Tinto Stadium
74,14/04/2019,03:30,Los Angeles FC,FC Cincinnati,2.0,0.0,Los Angeles FC,2.0,"Banc of California Stadium, Los Angeles, CA (USA)",Banc of California Stadium, Los Angeles, CA ,USA,Banc of California Stadium
75,14/04/2019,03:30,Los Angeles Galaxy,Philadelphia Union,2.0,0.0,Los Angeles Galaxy,2.0,"Dignity Health Sports Park, Carson, CA (USA)",Dignity Health Sports Park, Carson, CA ,USA,Dignity Health Sports Park
76,15/04/2019,00:00,Sporting Kansas City,New York RB,2.0,2.0,,,"Children's Mercy Park, Kansas City, KS (USA)",Children's Mercy Park, Kansas City, KS ,USA,
77,18/04/2019,03:00,Vancouver Whitecaps,Los Angeles FC,1.0,0.0,Vancouver Whitecaps,1.0,"BC Place, Vancouver, BC (Canada)",BC Place, Vancouver, BC ,Canada,BC Place
78,20/04/2019,00:30,FC Cincinnati,Real Salt Lake,0.0,3.0,Real Salt Lake,3.0,"Nippert Stadium, Cincinnati, OH (USA)",Nippert Stadium, Cincinnati, OH ,USA,Rio Tinto Stadium
79,20/04/2019,01:00,Toronto FC,Minnesota United FC,4.0,3.0,Toronto FC,4.0,"BMO Field, Toronto, ON (Canada)",BMO Field, Toronto, ON ,Canada,BMO Field
80,20/04/2019,04:00,Los Angeles Galaxy,Houston Dynamo,2.0,1.0,Los Angeles Galaxy,2.0,"Dignity Health Sports Park, Carson, CA (USA)",Dignity Health Sports Park, Carson, CA ,USA,Dignity Health Sports Park
81,20/04/2019,18:00,Chicago Fire,Colorado Rapids,4.0,1.0,Chicago Fire,4.0,"SeatGeek Stadium, Bridgeview, IL (USA)",SeatGeek Stadium, Bridgeview, IL ,USA,Soldier Field
82,20/04/2019,18:00,Philadelphia Union,Impact de Montréal,3.0,0.0,Philadelphia Union,3.0,"Subaru Park, Chester, PA (USA)",Subaru Park, Chester, PA ,USA,Subaru Park
83,20/04/2019,20:00,Orlando City,Vancouver Whitecaps,1.0,0.0,Orlando City,1.0,"Exploria Stadium, Orlando, FL (USA)",Exploria Stadium, Orlando, FL ,USA,Exploria Stadium
84,20/04/2019,21:00,Atlanta United FC,FC Dallas,1.0,2.0,FC Dallas,2.0,"Mercedes-Benz Stadium, Atlanta, GA (USA)",Mercedes-Benz Stadium, Atlanta, GA ,USA,Toyota Stadium
85,21/04/2019,00:30,Columbus Crew,Portland Timbers,1.0,3.0,Portland Timbers,3.0,"MAPFRE Stadium, Columbus, OH (USA)",MAPFRE Stadium, Columbus, OH ,USA,Providence Park
86,21/04/2019,00:30,New England Revolution,New York RB,1.0,0.0,New England Revolution,1.0,"Gillette Stadium, Foxborough, MA (USA)",Gillette Stadium, Foxborough, MA ,USA,Gillette Stadium
87,21/04/2019,03:00,San Jose Earthquakes,Sporting Kansas City,4.0,1.0,San Jose Earthquakes,4.0,"Earthquakes Stadium, San Jose, CA (USA)",Earthquakes Stadium, San Jose, CA ,USA,Earthquakes Stadium
88,21/04/2019,21:00,D.C. United,New York City FC,0.0,2.0,New York City FC,2.0,"Audi Field, Washington, D.C. (USA)",Audi Field, Washington, D.C. ,USA,Yankee Stadium
89,22/04/2019,00:00,Los Angeles FC,Seattle Sounders,4.0,1.0,Los Angeles FC,4.0,"Banc of California Stadium, Los Angeles, CA (USA)",Banc of California Stadium, Los Angeles, CA ,USA,Banc of California Stadium
90,25/04/2019,00:00,New York City FC,Chicago Fire,1.0,0.0,New York City FC,1.0,"Yankee Stadium, New York City, NY (USA)",Yankee Stadium, New York City, NY ,USA,Yankee Stadium
91,25/04/2019,00:30,Columbus Crew,D.C. United,0.0,1.0,D.C. United,1.0,"MAPFRE Stadium, Columbus, OH (USA)",MAPFRE Stadium, Columbus, OH ,USA,Audi Field
92,25/04/2019,00:30,New England Revolution,Impact de Montréal,0.0,3.0,Impact de Montréal,3.0,"Gillette Stadium, Foxborough, MA (USA)",Gillette Stadium, Foxborough, MA ,USA,Stade Saputo
93,25/04/2019,01:00,Minnesota United FC,Los Angeles Galaxy,0.0,0.0,,,"Allianz Field, Saint Paul, MN (USA)",Allianz Field, Saint Paul, MN ,USA,
94,25/04/2019,03:30,Seattle Sounders,San Jose Earthquakes,2.0,2.0,,,"Lumen Field, Seattle, WA (USA)",Lumen Field, Seattle, WA ,USA,
95,27/04/2019,18:00,New York City FC,Orlando City,1.0,1.0,,,"Yankee Stadium, New York City, NY (USA)",Yankee Stadium, New York City, NY ,USA,
96,27/04/2019,20:00,Toronto FC,Portland Timbers,1.0,2.0,Portland Timbers,2.0,"BMO Field, Toronto, ON (Canada)",BMO Field, Toronto, ON ,Canada,Providence Park
97,27/04/2019,20:30,FC Dallas,San Jose Earthquakes,0.0,0.0,,,"Toyota Stadium, Frisco, TX (USA)",Toyota Stadium, Frisco, TX ,USA,
98,27/04/2019,22:00,Vancouver Whitecaps,Philadelphia Union,1.0,1.0,,,"BC Place, Vancouver, BC (Canada)",BC Place, Vancouver, BC ,Canada,
99,27/04/2019,23:00,Atlanta United FC,Colorado Rapids,1.0,0.0,Atlanta United FC,1.0,"Mercedes-Benz Stadium, Atlanta, GA (USA)",Mercedes-Benz Stadium, Atlanta, GA ,USA,Mercedes-Benz Stadium
100,28/04/2019,00:00,New York RB,FC Cincinnati,1.0,0.0,New York RB,1.0,"Red Bull Arena, Harrison, NJ (USA)",Red Bull Arena, Harrison, NJ ,USA,Red Bull Arena
101,28/04/2019,01:30,Houston Dynamo,Columbus Crew,2.0,0.0,Houston Dynamo,2.0,"PNC Stadium, Houston, TX (USA)",PNC Stadium, Houston, TX ,USA,PNC Stadium
102,28/04/2019,01:30,Sporting Kansas City,New England Revolution,4.0,4.0,,,"Children's Mercy Park, Kansas City, KS (USA)",Children's Mercy Park, Kansas City, KS ,USA,
103,28/04/2019,17:30,Impact de Montréal,Chicago Fire,1.0,0.0,Impact de Montréal,1.0,"Stade Saputo, Montréal, QC (Canada)",Stade Saputo, Montréal, QC ,Canada,Stade Saputo
104,28/04/2019,18:30,Minnesota United FC,D.C. United,1.0,0.0,Minnesota United FC,1.0,"Allianz Field, Saint Paul, MN (USA)",Allianz Field, Saint Paul, MN ,USA,Allianz Field
105,28/04/2019,20:30,Seattle Sounders,Los Angeles FC,1.0,1.0,,,"Lumen Field, Seattle, WA (USA)",Lumen Field, Seattle, WA ,USA,
106,29/04/2019,01:00,Los Angeles Galaxy,Real Salt Lake,2.0,1.0,Los Angeles Galaxy,2.0,"Dignity Health Sports Park, Carson, CA (USA)",Dignity Health Sports Park, Carson, CA ,USA,Dignity Health Sports Park
107,3. Round,3. Round,3. Round,3. Round,3.0,,,,,,,,,
108,02/05/2019,00:30,Philadelphia Union,FC Cincinnati,2.0,0.0,Philadelphia Union,2.0,"Subaru Park, Chester, PA (USA)",Subaru Park, Chester, PA ,USA,Subaru Park
109,04/05/2019,02:00,Colorado Rapids,Vancouver Whitecaps,2.0,3.0,Vancouver Whitecaps,3.0,"Dick's Sporting Goods Park, Commerce City, CO (USA)",Dick's Sporting Goods Park, Commerce City, CO ,USA,BC Place
110,04/05/2019,19:00,New York RB,Los Angeles Galaxy,3.0,2.0,New York RB,3.0,"Red Bull Arena, Harrison, NJ (USA)",Red Bull Arena, Harrison, NJ ,USA,Red Bull Arena
111,04/05/2019,21:00,Houston Dynamo,FC Dallas,2.0,1.0,Houston Dynamo,2.0,"PNC Stadium, Houston, TX (USA)",PNC Stadium, Houston, TX ,USA,PNC Stadium
112,04/05/2019,21:00,Orlando City,Toronto FC,0.0,2.0,Toronto FC,2.0,"Exploria Stadium, Orlando, FL (USA)",Exploria Stadium, Orlando, FL ,USA,BMO Field
113,04/05/2019,22:00,Impact de Montréal,New York City FC,0.0,2.0,New York City FC,2.0,"Stade Saputo, Montréal, QC (Canada)",Stade Saputo, Montréal, QC ,Canada,Yankee Stadium
114,05/05/2019,00:30,Philadelphia Union,New England Revolution,6.0,1.0,Philadelphia Union,6.0,"Subaru Park, Chester, PA (USA)",Subaru Park, Chester, PA ,USA,Subaru Park
115,05/05/2019,01:00,D.C. United,Columbus Crew,3.0,1.0,D.C. United,3.0,"Audi Field, Washington, D.C. (USA)",Audi Field, Washington, D.C. ,USA,Audi Field
116,05/05/2019,01:00,Minnesota United FC,Seattle Sounders,1.0,1.0,,,"Allianz Field, Saint Paul, MN (USA)",Allianz Field, Saint Paul, MN ,USA,
117,05/05/2019,02:00,Real Salt Lake,Portland Timbers,1.0,2.0,Portland Timbers,2.0,"Rio Tinto Stadium, Sandy, UT (USA)",Rio Tinto Stadium, Sandy, UT ,USA,Providence Park
118,05/05/2019,03:00,San Jose Earthquakes,FC Cincinnati,1.0,0.0,San Jose Earthquakes,1.0,"Earthquakes Stadium, San Jose, CA (USA)",Earthquakes Stadium, San Jose, CA ,USA,Earthquakes Stadium
119,05/05/2019,03:30,Los Angeles FC,Chicago Fire,0.0,0.0,,,"Banc of California Stadium, Los Angeles, CA (USA)",Banc of California Stadium, Los Angeles, CA ,USA,
120,06/05/2019,02:00,Sporting Kansas City,Atlanta United FC,0.0,3.0,Atlanta United FC,3.0,"Children's Mercy Park, Kansas City, KS (USA)",Children's Mercy Park, Kansas City, KS ,USA,Mercedes-Benz Stadium
121,09/05/2019,00:00,Atlanta United FC,Toronto FC,2.0,0.0,Atlanta United FC,2.0,"Mercedes-Benz Stadium, Atlanta, GA (USA)",Mercedes-Benz Stadium, Atlanta, GA ,USA,Mercedes-Benz Stadium
122,09/05/2019,00:30,Columbus Crew,Los Angeles Galaxy,3.0,1.0,Columbus Crew,3.0,"MAPFRE Stadium, Columbus, OH (USA)",MAPFRE Stadium, Columbus, OH ,USA,Lower.com Field
123,09/05/2019,01:00,Chicago Fire,New England Revolution,5.0,0.0,Chicago Fire,5.0,"SeatGeek Stadium, Bridgeview, IL (USA)",SeatGeek Stadium, Bridgeview, IL ,USA,Soldier Field
124,09/05/2019,01:00,New York RB,Impact de Montréal,1.0,2.0,Impact de Montréal,2.0,"Red Bull Arena, Harrison, NJ (USA)",Red Bull Arena, Harrison, NJ ,USA,Stade Saputo
125,11/05/2019,03:00,Vancouver Whitecaps,Portland Timbers,1.0,0.0,Vancouver Whitecaps,1.0,"BC Place, Vancouver, BC (Canada)",BC Place, Vancouver, BC ,Canada,BC Place
126,11/05/2019,18:00,FC Cincinnati,Impact de Montréal,2.0,1.0,FC Cincinnati,2.0,"Nippert Stadium, Cincinnati, OH (USA)",Nippert Stadium, Cincinnati, OH ,USA,TQL Stadium
127,11/05/2019,19:00,FC Dallas,New York RB,1.0,3.0,New York RB,3.0,"Toyota Stadium, Frisco, TX (USA)",Toyota Stadium, Frisco, TX ,USA,Red Bull Arena
128,11/05/2019,20:00,Toronto FC,Philadelphia Union,1.0,2.0,Philadelphia Union,2.0,"BMO Field, Toronto, ON (Canada)",BMO Field, Toronto, ON ,Canada,Subaru Park
129,11/05/2019,21:00,Los Angeles Galaxy,New York City FC,0.0,2.0,New York City FC,2.0,"Dignity Health Sports Park, Carson, CA (USA)",Dignity Health Sports Park, Carson, CA ,USA,Yankee Stadium
130,12/05/2019,00:30,Columbus Crew,Los Angeles FC,0.0,3.0,Los Angeles FC,3.0,"MAPFRE Stadium, Columbus, OH (USA)",MAPFRE Stadium, Columbus, OH ,USA,Banc of California Stadium
131,12/05/2019,00:30,New England Revolution,San Jose Earthquakes,3.0,1.0,New England Revolution,3.0,"Gillette Stadium, Foxborough, MA (USA)",Gillette Stadium, Foxborough, MA ,USA,Gillette Stadium
132,12/05/2019,01:00,Chicago Fire,Minnesota United FC,2.0,0.0,Chicago Fire,2.0,"SeatGeek Stadium, Bridgeview, IL (USA)",SeatGeek Stadium, Bridgeview, IL ,USA,Soldier Field
133,12/05/2019,02:00,Colorado Rapids,Real Salt Lake,2.0,3.0,Real Salt Lake,3.0,"Dick's Sporting Goods Park, Commerce City, CO (USA)",Dick's Sporting Goods Park, Commerce City, CO ,USA,Rio Tinto Stadium
134,12/05/2019,03:00,Seattle Sounders,Houston Dynamo,1.0,0.0,Seattle Sounders,1.0,"Lumen Field, Seattle, WA (USA)",Lumen Field, Seattle, WA ,USA,Lumen Field
135,12/05/2019,19:30,Atlanta United FC,Orlando City,1.0,0.0,Atlanta United FC,1.0,"Mercedes-Benz Stadium, Atlanta, GA (USA)",Mercedes-Benz Stadium, Atlanta, GA ,USA,Mercedes-Benz Stadium
136,13/05/2019,00:00,D.C. United,Sporting Kansas City,1.0,0.0,D.C. United,1.0,"Audi Field, Washington, D.C. (USA)",Audi Field, Washington, D.C. ,USA,Audi Field
137,16/05/2019,01:00,Toronto FC,D.C. United,0.0,0.0,,,"BMO Field, Toronto, ON (Canada)",BMO Field, Toronto, ON ,Canada,
138,16/05/2019,01:30,Houston Dynamo,Portland Timbers,1.0,1.0,,,"PNC Stadium, Houston, TX (USA)",PNC Stadium, Houston, TX ,USA,
139,16/05/2019,03:00,Vancouver Whitecaps,Atlanta United FC,0.0,1.0,Atlanta United FC,1.0,"BC Place, Vancouver, BC (Canada)",BC Place, Vancouver, BC ,Canada,Mercedes-Benz Stadium
140,16/05/2019,03:30,Seattle Sounders,Orlando City,2.0,1.0,Seattle Sounders,2.0,"Lumen Field, Seattle, WA (USA)",Lumen Field, Seattle, WA ,USA,Lumen Field
141,17/05/2019,03:00,Los Angeles FC,FC Dallas,2.0,0.0,Los Angeles FC,2.0,"Banc of California Stadium, Los Angeles, CA (USA)",Banc of California Stadium, Los Angeles, CA ,USA,Banc of California Stadium
142,18/05/2019,18:00,Impact de Montréal,New England Revolution,0.0,0.0,,,"Stade Saputo, Montréal, QC (Canada)",Stade Saputo, Montréal, QC ,Canada,
143,18/05/2019,20:00,Real Salt Lake,Toronto FC,3.0,0.0,Real Salt Lake,3.0,"Rio Tinto Stadium, Sandy, UT (USA)",Rio Tinto Stadium, Sandy, UT ,USA,Rio Tinto Stadium
144,18/05/2019,20:30,San Jose Earthquakes,Chicago Fire,4.0,1.0,San Jose Earthquakes,4.0,"Earthquakes Stadium, San Jose, CA (USA)",Earthquakes Stadium, San Jose, CA ,USA,Earthquakes Stadium
145,19/05/2019,00:30,Philadelphia Union,Seattle Sounders,0.0,0.0,,,"Subaru Park, Chester, PA (USA)",Subaru Park, Chester, PA ,USA,
146,19/05/2019,01:00,Minnesota United FC,Columbus Crew,1.0,0.0,Minnesota United FC,1.0,"Allianz Field, Saint Paul, MN (USA)",Allianz Field, Saint Paul, MN ,USA,Allianz Field
147,19/05/2019,01:30,Houston Dynamo,D.C. United,2.0,1.0,Houston Dynamo,2.0,"PNC Stadium, Houston, TX (USA)",PNC Stadium, Houston, TX ,USA,PNC Stadium
148,19/05/2019,01:30,Sporting Kansas City,Vancouver Whitecaps,1.0,1.0,,,"Children's Mercy Park, Kansas City, KS (USA)",Children's Mercy Park, Kansas City, KS ,USA,
149,19/05/2019,20:00,Orlando City,FC Cincinnati,5.0,1.0,Orlando City,5.0,"Exploria Stadium, Orlando, FL (USA)",Exploria Stadium, Orlando, FL ,USA,Exploria Stadium
150,19/05/2019,22:00,New York RB,Atlanta United FC,1.0,0.0,New York RB,1.0,"Red Bull Arena, Harrison, NJ (USA)",Red Bull Arena, Harrison, NJ ,USA,Red Bull Arena
151,20/05/2019,00:30,FC Dallas,Los Angeles FC,1.0,1.0,,,"Toyota Stadium, Frisco, TX (USA)",Toyota Stadium, Frisco, TX ,USA,
152,20/05/2019,01:00,Los Angeles Galaxy,Colorado Rapids,0.0,1.0,Colorado Rapids,1.0,"Dignity Health Sports Park, Carson, CA (USA)",Dignity Health Sports Park, Carson, CA ,USA,Dick's Sporting Goods Park
153,23/05/2019,01:00,New York RB,Vancouver Whitecaps,2.0,2.0,,,"Red Bull Arena, Harrison, NJ (USA)",Red Bull Arena, Harrison, NJ ,USA,
154,25/05/2019,00:00,Orlando City,Los Angeles Galaxy,0.0,1.0,Los Angeles Galaxy,1.0,"Exploria Stadium, Orlando, FL (USA)",Exploria Stadium, Orlando, FL ,USA,Dignity Health Sports Park
155,25/05/2019,02:00,Real Salt Lake,Atlanta United FC,2.0,1.0,Real Salt Lake,2.0,"Rio Tinto Stadium, Sandy, UT (USA)",Rio Tinto Stadium, Sandy, UT ,USA,Rio Tinto Stadium
156,25/05/2019,03:30,Los Angeles FC,Impact de Montréal,4.0,2.0,Los Angeles FC,4.0,"Banc of California Stadium, Los Angeles, CA (USA)",Banc of California Stadium, Los Angeles, CA ,USA,Banc of California Stadium
157,25/05/2019,20:30,Chicago Fire,New York City FC,1.0,1.0,,,"SeatGeek Stadium, Bridgeview, IL (USA)",SeatGeek Stadium, Bridgeview, IL ,USA,
158,26/05/2019,00:00,Vancouver Whitecaps,FC Dallas,2.0,1.0,Vancouver Whitecaps,2.0,"BC Place, Vancouver, BC (Canada)",BC Place, Vancouver, BC ,Canada,BC Place
159,26/05/2019,00:30,FC Cincinnati,New York RB,0.0,2.0,New York RB,2.0,"Nippert Stadium, Cincinnati, OH (USA)",Nippert Stadium, Cincinnati, OH ,USA,Red Bull Arena
160,26/05/2019,00:30,New England Revolution,D.C. United,1.0,1.0,,,"Gillette Stadium, Foxborough, MA (USA)",Gillette Stadium, Foxborough, MA ,USA,
161,26/05/2019,00:30,Philadelphia Union,Portland Timbers,1.0,3.0,Portland Timbers,3.0,"Subaru Park, Chester, PA (USA)",Subaru Park, Chester, PA ,USA,Providence Park
162,26/05/2019,01:00,Minnesota United FC,Houston Dynamo,1.0,0.0,Minnesota United FC,1.0,"Allianz Field, Saint Paul, MN (USA)",Allianz Field, Saint Paul, MN ,USA,Allianz Field
163,26/05/2019,02:00,Colorado Rapids,Columbus Crew,3.0,2.0,Colorado Rapids,3.0,"Dick's Sporting Goods Park, Commerce City, CO (USA)",Dick's Sporting Goods Park, Commerce City, CO ,USA,Dick's Sporting Goods Park
164,26/05/2019,23:00,Sporting Kansas City,Seattle Sounders,3.0,2.0,Sporting Kansas City,3.0,"Children's Mercy Park, Kansas City, KS (USA)",Children's Mercy Park, Kansas City, KS ,USA,Children's Mercy Park
165,27/05/2019,00:30,Toronto FC,San Jose Earthquakes,1.0,2.0,San Jose Earthquakes,2.0,"BMO Field, Toronto, ON (Canada)",BMO Field, Toronto, ON ,Canada,Earthquakes Stadium
166,30/05/2019,00:00,Atlanta United FC,Minnesota United FC,3.0,0.0,Atlanta United FC,3.0,"Mercedes-Benz Stadium, Atlanta, GA (USA)",Mercedes-Benz Stadium, Atlanta, GA ,USA,Mercedes-Benz Stadium
167,30/05/2019,00:30,Impact de Montréal,Real Salt Lake,2.0,1.0,Impact de Montréal,2.0,"Stade Saputo, Montréal, QC (Canada)",Stade Saputo, Montréal, QC ,Canada,Stade Saputo
168,30/05/2019,01:00,D.C. United,Chicago Fire,3.0,3.0,,,"Audi Field, Washington, D.C. (USA)",Audi Field, Washington, D.C. ,USA,
169,30/05/2019,01:25,Philadelphia Union,Colorado Rapids,1.0,1.0,,,"Subaru Park, Chester, PA (USA)",Subaru Park, Chester, PA ,USA,
170,30/05/2019,01:30,Sporting Kansas City,Los Angeles Galaxy,0.0,2.0,Los Angeles Galaxy,2.0,"Children's Mercy Park, Kansas City, KS (USA)",Children's Mercy Park, Kansas City, KS ,USA,Dignity Health Sports Park
171,4. Round,4. Round,4. Round,4. Round,4.0,,,,,,,,,
172,01/06/2019,03:00,Vancouver Whitecaps,Toronto FC,1.0,1.0,,,"BC Place, Vancouver, BC (Canada)",BC Place, Vancouver, BC ,Canada,
173,01/06/2019,22:00,Impact de Montréal,Orlando City,0.0,3.0,Orlando City,3.0,"Stade Saputo, Montréal, QC (Canada)",Stade Saputo, Montréal, QC ,Canada,Exploria Stadium
174,01/06/2019,23:00,Atlanta United FC,Chicago Fire,2.0,0.0,Atlanta United FC,2.0,"Mercedes-Benz Stadium, Atlanta, GA (USA)",Mercedes-Benz Stadium, Atlanta, GA ,USA,Mercedes-Benz Stadium
175,02/06/2019,00:00,New York RB,Real Salt Lake,4.0,0.0,New York RB,4.0,"Red Bull Arena, Harrison, NJ (USA)",Red Bull Arena, Harrison, NJ ,USA,Red Bull Arena
176,02/06/2019,00:30,Columbus Crew,New York City FC,2.0,2.0,,,"MAPFRE Stadium, Columbus, OH (USA)",MAPFRE Stadium, Columbus, OH ,USA,
177,02/06/2019,01:00,D.C. United,San Jose Earthquakes,1.0,1.0,,,"Audi Field, Washington, D.C. (USA)",Audi Field, Washington, D.C. ,USA,
178,02/06/2019,01:00,FC Dallas,Seattle Sounders,2.0,1.0,FC Dallas,2.0,"Toyota Stadium, Frisco, TX (USA)",Toyota Stadium, Frisco, TX ,USA,Toyota Stadium
179,02/06/2019,01:30,Houston Dynamo,Sporting Kansas City,1.0,1.0,,,"PNC Stadium, Houston, TX (USA)",PNC Stadium, Houston, TX ,USA,
180,02/06/2019,01:30,Colorado Rapids,FC Cincinnati,3.0,1.0,Colorado Rapids,3.0,"Dick's Sporting Goods Park, Commerce City, CO (USA)",Dick's Sporting Goods Park, Commerce City, CO ,USA,Dick's Sporting Goods Park
181,02/06/2019,03:30,Portland Timbers,Los Angeles FC,2.0,3.0,Los Angeles FC,3.0,"Providence Park, Portland, OR (USA)",Providence Park, Portland, OR ,USA,Banc of California Stadium
182,02/06/2019,21:00,Minnesota United FC,Philadelphia Union,2.0,3.0,Philadelphia Union,3.0,"Allianz Field, Saint Paul, MN (USA)",Allianz Field, Saint Paul, MN ,USA,Subaru Park
183,03/06/2019,03:30,Los Angeles Galaxy,New England Revolution,1.0,2.0,New England Revolution,2.0,"Dignity Health Sports Park, Carson, CA (USA)",Dignity Health Sports Park, Carson, CA ,USA,Gillette Stadium
184,06/06/2019,00:30,Impact de Montréal,Seattle Sounders,2.0,1.0,Impact de Montréal,2.0,"Stade Saputo, Montréal, QC (Canada)",Stade Saputo, Montréal, QC ,Canada,Stade Saputo
185,07/06/2019,00:00,New York City FC,FC Cincinnati,5.0,2.0,New York City FC,5.0,"Yankee Stadium, New York City, NY (USA)",Yankee Stadium, New York City, NY ,USA,Yankee Stadium
186,08/06/2019,00:00,Toronto FC,Sporting Kansas City,2.0,2.0,,,"BMO Field, Toronto, ON (Canada)",BMO Field, Toronto, ON ,Canada,
187,08/06/2019,20:30,San Jose Earthquakes,FC Dallas,2.0,2.0,,,"Earthquakes Stadium, San Jose, CA (USA)",Earthquakes Stadium, San Jose, CA ,USA,
188,09/06/2019,00:30,Philadelphia Union,New York RB,3.0,2.0,Philadelphia Union,3.0,"Subaru Park, Chester, PA (USA)",Subaru Park, Chester, PA ,USA,Subaru Park
189,09/06/2019,02:00,Colorado Rapids,Minnesota United FC,1.0,0.0,Colorado Rapids,1.0,"Dick's Sporting Goods Park, Commerce City, CO (USA)",Dick's Sporting Goods Park, Commerce City, CO ,USA,Dick's Sporting Goods Park
190,23/06/2019,00:30,FC Cincinnati,Los Angeles Galaxy,0.0,2.0,Los Angeles Galaxy,2.0,"Nippert Stadium, Cincinnati, OH (USA)",Nippert Stadium, Cincinnati, OH ,USA,Dignity Health Sports Park
191,23/06/2019,01:00,FC Dallas,Toronto FC,3.0,0.0,FC Dallas,3.0,"Toyota Stadium, Frisco, TX (USA)",Toyota Stadium, Frisco, TX ,USA,Toyota Stadium
192,23/06/2019,01:00,Chicago Fire,Real Salt Lake,1.0,1.0,,,"SeatGeek Stadium, Bridgeview, IL (USA)",SeatGeek Stadium, Bridgeview, IL ,USA,
193,23/06/2019,03:00,Vancouver Whitecaps,Colorado Rapids,2.0,2.0,,,"BC Place, Vancouver, BC (Canada)",BC Place, Vancouver, BC ,Canada,
194,23/06/2019,04:00,Portland Timbers,Houston Dynamo,4.0,0.0,Portland Timbers,4.0,"Providence Park, Portland, OR (USA)",Providence Park, Portland, OR ,USA,Providence Park
195,23/06/2019,22:30,Columbus Crew,Sporting Kansas City,0.0,1.0,Sporting Kansas City,1.0,"MAPFRE Stadium, Columbus, OH (USA)",MAPFRE Stadium, Columbus, OH ,USA,Children's Mercy Park
196,27/06/2019,00:00,New England Revolution,Philadelphia Union,1.0,1.0,,,"Gillette Stadium, Foxborough, MA (USA)",Gillette Stadium, Foxborough, MA ,USA,
197,27/06/2019,00:30,Impact de Montréal,Portland Timbers,2.0,1.0,Impact de Montréal,2.0,"Stade Saputo, Montréal, QC (Canada)",Stade Saputo, Montréal, QC ,Canada,Stade Saputo
198,27/06/2019,01:00,D.C. United,Orlando City,1.0,0.0,D.C. United,1.0,"Audi Field, Washington, D.C. (USA)",Audi Field, Washington, D.C. ,USA,Audi Field
199,27/06/2019,01:00,Toronto FC,Atlanta United FC,3.0,2.0,Toronto FC,3.0,"BMO Field, Toronto, ON (Canada)",BMO Field, Toronto, ON ,Canada,BMO Field
200,27/06/2019,02:00,FC Dallas,Vancouver Whitecaps,2.0,2.0,,,"Toyota Stadium, Frisco, TX (USA)",Toyota Stadium, Frisco, TX ,USA,
201,27/06/2019,03:30,San Jose Earthquakes,Houston Dynamo,2.0,0.0,San Jose Earthquakes,2.0,"Earthquakes Stadium, San Jose, CA (USA)",Earthquakes Stadium, San Jose, CA ,USA,Earthquakes Stadium
202,29/06/2019,01:00,New York RB,Chicago Fire,3.0,1.0,New York RB,3.0,"Red Bull Arena, Harrison, NJ (USA)",Red Bull Arena, Harrison, NJ ,USA,Red Bull Arena
203,29/06/2019,03:00,Colorado Rapids,Los Angeles FC,1.0,0.0,Colorado Rapids,1.0,"Dick's Sporting Goods Park, Commerce City, CO (USA)",Dick's Sporting Goods Park, Commerce City, CO ,USA,Dick's Sporting Goods Park
204,29/06/2019,21:00,Minnesota United FC,FC Cincinnati,7.0,1.0,Minnesota United FC,7.0,"Allianz Field, Saint Paul, MN (USA)",Allianz Field, Saint Paul, MN ,USA,Allianz Field
205,29/06/2019,23:00,Atlanta United FC,Impact de Montréal,2.0,1.0,Atlanta United FC,2.0,"Mercedes-Benz Stadium, Atlanta, GA (USA)",Mercedes-Benz Stadium, Atlanta, GA ,USA,Mercedes-Benz Stadium
206,30/06/2019,00:00,New York City FC,Philadelphia Union,4.0,2.0,New York City FC,4.0,"Yankee Stadium, New York City, NY (USA)",Yankee Stadium, New York City, NY ,USA,Yankee Stadium
207,30/06/2019,00:30,Columbus Crew,Orlando City,0.0,2.0,Orlando City,2.0,"MAPFRE Stadium, Columbus, OH (USA)",MAPFRE Stadium, Columbus, OH ,USA,Exploria Stadium
208,30/06/2019,00:30,New England Revolution,Houston Dynamo,2.0,1.0,New England Revolution,2.0,"Gillette Stadium, Foxborough, MA (USA)",Gillette Stadium, Foxborough, MA ,USA,Gillette Stadium
209,30/06/2019,01:00,D.C. United,Toronto FC,1.0,1.0,,,"Audi Field, Washington, D.C. (USA)",Audi Field, Washington, D.C. ,USA,
210,30/06/2019,03:00,Seattle Sounders,Vancouver Whitecaps,1.0,0.0,Seattle Sounders,1.0,"Lumen Field, Seattle, WA (USA)",Lumen Field, Seattle, WA ,USA,Lumen Field
211,30/06/2019,03:00,San Jose Earthquakes,Los Angeles Galaxy,3.0,0.0,San Jose Earthquakes,3.0,"Stanford Stadium, Palo Alto, CA (USA)",Stanford Stadium, Palo Alto, CA ,USA,Earthquakes Stadium
212,30/06/2019,03:00,Real Salt Lake,Sporting Kansas City,2.0,0.0,Real Salt Lake,2.0,"Rio Tinto Stadium, Sandy, UT (USA)",Rio Tinto Stadium, Sandy, UT ,USA,Rio Tinto Stadium
213,01/07/2019,04:00,Portland Timbers,FC Dallas,1.0,0.0,Portland Timbers,1.0,"Providence Park, Portland, OR (USA)",Providence Park, Portland, OR ,USA,Providence Park
214,5. Round,5. Round,5. Round,5. Round,5.0,,,,,,,,,
215,04/07/2019,00:00,New York City FC,Seattle Sounders,3.0,0.0,New York City FC,3.0,"Yankee Stadium, New York City, NY (USA)",Yankee Stadium, New York City, NY ,USA,Yankee Stadium
216,04/07/2019,00:30,Orlando City,Philadelphia Union,1.0,3.0,Philadelphia Union,3.0,"Exploria Stadium, Orlando, FL (USA)",Exploria Stadium, Orlando, FL ,USA,Subaru Park
217,04/07/2019,01:00,Chicago Fire,Atlanta United FC,5.0,1.0,Chicago Fire,5.0,"SeatGeek Stadium, Bridgeview, IL (USA)",SeatGeek Stadium, Bridgeview, IL ,USA,Soldier Field
218,04/07/2019,01:00,Minnesota United FC,San Jose Earthquakes,3.0,1.0,Minnesota United FC,3.0,"Allianz Field, Saint Paul, MN (USA)",Allianz Field, Saint Paul, MN ,USA,Allianz Field
219,04/07/2019,01:30,Sporting Kansas City,Los Angeles FC,1.0,5.0,Los Angeles FC,5.0,"Children's Mercy Park, Kansas City, KS (USA)",Children's Mercy Park, Kansas City, KS ,USA,Banc of California Stadium
220,04/07/2019,02:00,Houston Dynamo,New York RB,4.0,0.0,Houston Dynamo,4.0,"PNC Stadium, Houston, TX (USA)",PNC Stadium, Houston, TX ,USA,PNC Stadium
221,04/07/2019,03:00,Real Salt Lake,Columbus Crew,1.0,0.0,Real Salt Lake,1.0,"Rio Tinto Stadium, Sandy, UT (USA)",Rio Tinto Stadium, Sandy, UT ,USA,Rio Tinto Stadium
222,05/07/2019,02:00,Colorado Rapids,New England Revolution,1.0,2.0,New England Revolution,2.0,"Dick's Sporting Goods Park, Commerce City, CO (USA)",Dick's Sporting Goods Park, Commerce City, CO ,USA,Gillette Stadium
223,05/07/2019,02:00,FC Dallas,D.C. United,2.0,0.0,FC Dallas,2.0,"Toyota Stadium, Frisco, TX (USA)",Toyota Stadium, Frisco, TX ,USA,Toyota Stadium
224,05/07/2019,03:30,Los Angeles Galaxy,Toronto FC,2.0,0.0,Los Angeles Galaxy,2.0,"Dignity Health Sports Park, Carson, CA (USA)",Dignity Health Sports Park, Carson, CA ,USA,Dignity Health Sports Park
225,07/07/2019,00:30,FC Cincinnati,Houston Dynamo,3.0,2.0,FC Cincinnati,3.0,"Nippert Stadium, Cincinnati, OH (USA)",Nippert Stadium, Cincinnati, OH ,USA,TQL Stadium
226,07/07/2019,00:30,Columbus Crew,Seattle Sounders,1.0,2.0,Seattle Sounders,2.0,"MAPFRE Stadium, Columbus, OH (USA)",MAPFRE Stadium, Columbus, OH ,USA,Lumen Field
227,07/07/2019,00:30,Impact de Montréal,Minnesota United FC,2.0,3.0,Minnesota United FC,3.0,"Stade Saputo, Montréal, QC (Canada)",Stade Saputo, Montréal, QC ,Canada,Allianz Field
228,07/07/2019,01:30,Sporting Kansas City,Chicago Fire,1.0,0.0,Sporting Kansas City,1.0,"Children's Mercy Park, Kansas City, KS (USA)",Children's Mercy Park, Kansas City, KS ,USA,Children's Mercy Park
229,07/07/2019,03:30,Los Angeles FC,Vancouver Whitecaps,6.0,1.0,Los Angeles FC,6.0,"Banc of California Stadium, Los Angeles, CA (USA)",Banc of California Stadium, Los Angeles, CA ,USA,Banc of California Stadium
230,07/07/2019,03:30,San Jose Earthquakes,Real Salt Lake,1.0,0.0,San Jose Earthquakes,1.0,"Earthquakes Stadium, San Jose, CA (USA)",Earthquakes Stadium, San Jose, CA ,USA,Earthquakes Stadium
231,07/07/2019,19:00,Atlanta United FC,New York RB,3.0,3.0,,,"Mercedes-Benz Stadium, Atlanta, GA (USA)",Mercedes-Benz Stadium, Atlanta, GA ,USA,
232,07/07/2019,21:30,Philadelphia Union,Orlando City,2.0,2.0,,,Jim Curtin,Jim Curtin,,,,
233,07/07/2019,23:30,New York City FC,Portland Timbers,0.0,1.0,Portland Timbers,1.0,"Yankee Stadium, New York City, NY (USA)",Yankee Stadium, New York City, NY ,USA,Providence Park
234,13/07/2019,00:00,D.C. United,New England Revolution,2.0,2.0,,,"Audi Field, Washington, D.C. (USA)",Audi Field, Washington, D.C. ,USA,
235,13/07/2019,02:00,Houston Dynamo,Los Angeles FC,1.0,3.0,Los Angeles FC,3.0,"PNC Stadium, Houston, TX (USA)",PNC Stadium, Houston, TX ,USA,Banc of California Stadium
236,13/07/2019,04:00,Los Angeles Galaxy,San Jose Earthquakes,1.0,3.0,San Jose Earthquakes,3.0,"Dignity Health Sports Park, Carson, CA (USA)",Dignity Health Sports Park, Carson, CA ,USA,Earthquakes Stadium
237,14/07/2019,00:30,Impact de Montréal,Toronto FC,0.0,2.0,Toronto FC,2.0,"Stade Saputo, Montréal, QC (Canada)",Stade Saputo, Montréal, QC ,Canada,BMO Field
238,14/07/2019,00:30,Orlando City,Columbus Crew,1.0,0.0,Orlando City,1.0,"Exploria Stadium, Orlando, FL (USA)",Exploria Stadium, Orlando, FL ,USA,Exploria Stadium
239,14/07/2019,01:00,Chicago Fire,FC Cincinnati,1.0,2.0,FC Cincinnati,2.0,"SeatGeek Stadium, Bridgeview, IL (USA)",SeatGeek Stadium, Bridgeview, IL ,USA,TQL Stadium
240,14/07/2019,01:00,Minnesota United FC,FC Dallas,1.0,0.0,Minnesota United FC,1.0,"Allianz Field, Saint Paul, MN (USA)",Allianz Field, Saint Paul, MN ,USA,Allianz Field
241,14/07/2019,03:00,Real Salt Lake,Philadelphia Union,4.0,0.0,Real Salt Lake,4.0,"Rio Tinto Stadium, Sandy, UT (USA)",Rio Tinto Stadium, Sandy, UT ,USA,Rio Tinto Stadium
242,14/07/2019,03:00,Vancouver Whitecaps,Sporting Kansas City,0.0,3.0,Sporting Kansas City,3.0,"BC Place, Vancouver, BC (Canada)",BC Place, Vancouver, BC ,Canada,Children's Mercy Park
243,14/07/2019,04:00,Portland Timbers,Colorado Rapids,2.0,2.0,,,"Providence Park, Portland, OR (USA)",Providence Park, Portland, OR ,USA,
244,14/07/2019,20:55,Seattle Sounders,Atlanta United FC,2.0,1.0,Seattle Sounders,2.0,"Lumen Field, Seattle, WA (USA)",Lumen Field, Seattle, WA ,USA,Lumen Field
245,14/07/2019,23:30,New York RB,New York City FC,2.0,1.0,New York RB,2.0,"Red Bull Arena, Harrison, NJ (USA)",Red Bull Arena, Harrison, NJ ,USA,Red Bull Arena
246,18/07/2019,00:00,Atlanta United FC,Houston Dynamo,5.0,0.0,Atlanta United FC,5.0,"Mercedes-Benz Stadium, Atlanta, GA (USA)",Mercedes-Benz Stadium, Atlanta, GA ,USA,Mercedes-Benz Stadium
247,18/07/2019,00:00,New England Revolution,Vancouver Whitecaps,4.0,0.0,New England Revolution,4.0,"Gillette Stadium, Foxborough, MA (USA)",Gillette Stadium, Foxborough, MA ,USA,Gillette Stadium
248,18/07/2019,01:00,Toronto FC,New York RB,3.0,1.0,Toronto FC,3.0,"BMO Field, Toronto, ON (Canada)",BMO Field, Toronto, ON ,Canada,BMO Field
249,18/07/2019,01:00,Chicago Fire,Columbus Crew,2.0,2.0,,,"SeatGeek Stadium, Bridgeview, IL (USA)",SeatGeek Stadium, Bridgeview, IL ,USA,
250,19/07/2019,01:00,FC Cincinnati,D.C. United,1.0,4.0,D.C. United,4.0,"Nippert Stadium, Cincinnati, OH (USA)",Nippert Stadium, Cincinnati, OH ,USA,Audi Field
251,19/07/2019,03:00,Portland Timbers,Orlando City,1.0,1.0,,,"Providence Park, Portland, OR (USA)",Providence Park, Portland, OR ,USA,
252,20/07/2019,03:00,Los Angeles Galaxy,Los Angeles FC,3.0,2.0,Los Angeles Galaxy,3.0,"Dignity Health Sports Park, Carson, CA (USA)",Dignity Health Sports Park, Carson, CA ,USA,Dignity Health Sports Park
253,21/07/2019,00:30,Columbus Crew,Impact de Montréal,2.0,1.0,Columbus Crew,2.0,"MAPFRE Stadium, Columbus, OH (USA)",MAPFRE Stadium, Columbus, OH ,USA,Lower.com Field
254,21/07/2019,00:30,Philadelphia Union,Chicago Fire,2.0,0.0,Philadelphia Union,2.0,"Subaru Park, Chester, PA (USA)",Subaru Park, Chester, PA ,USA,Subaru Park
255,21/07/2019,00:30,Toronto FC,Houston Dynamo,1.0,3.0,Houston Dynamo,3.0,"BMO Field, Toronto, ON (Canada)",BMO Field, Toronto, ON ,Canada,PNC Stadium
256,21/07/2019,01:30,Sporting Kansas City,FC Dallas,0.0,2.0,FC Dallas,2.0,"Children's Mercy Park, Kansas City, KS (USA)",Children's Mercy Park, Kansas City, KS ,USA,Toyota Stadium
257,21/07/2019,02:00,Colorado Rapids,New York City FC,1.0,2.0,New York City FC,2.0,"Dick's Sporting Goods Park, Commerce City, CO (USA)",Dick's Sporting Goods Park, Commerce City, CO ,USA,Yankee Stadium
258,21/07/2019,03:00,Real Salt Lake,Minnesota United FC,1.0,1.0,,,"Rio Tinto Stadium, Sandy, UT (USA)",Rio Tinto Stadium, Sandy, UT ,USA,
259,21/07/2019,03:00,Vancouver Whitecaps,San Jose Earthquakes,1.0,3.0,San Jose Earthquakes,3.0,"BC Place, Vancouver, BC (Canada)",BC Place, Vancouver, BC ,Canada,Earthquakes Stadium
260,21/07/2019,21:00,Atlanta United FC,D.C. United,2.0,0.0,Atlanta United FC,2.0,"Mercedes-Benz Stadium, Atlanta, GA (USA)",Mercedes-Benz Stadium, Atlanta, GA ,USA,Mercedes-Benz Stadium
261,21/07/2019,23:00,FC Cincinnati,New England Revolution,0.0,2.0,New England Revolution,2.0,"Nippert Stadium, Cincinnati, OH (USA)",Nippert Stadium, Cincinnati, OH ,USA,Gillette Stadium
262,22/07/2019,00:30,Orlando City,New York RB,0.0,1.0,New York RB,1.0,"Exploria Stadium, Orlando, FL (USA)",Exploria Stadium, Orlando, FL ,USA,Red Bull Arena
263,22/07/2019,02:30,Seattle Sounders,Portland Timbers,1.0,2.0,Portland Timbers,2.0,"Lumen Field, Seattle, WA (USA)",Lumen Field, Seattle, WA ,USA,Providence Park
264,27/07/2019,00:30,New York City FC,Sporting Kansas City,3.0,1.0,New York City FC,3.0,"Yankee Stadium, New York City, NY (USA)",Yankee Stadium, New York City, NY ,USA,Yankee Stadium
265,27/07/2019,03:00,Los Angeles FC,Atlanta United FC,4.0,3.0,Los Angeles FC,4.0,"Banc of California Stadium, Los Angeles, CA (USA)",Banc of California Stadium, Los Angeles, CA ,USA,Banc of California Stadium
266,28/07/2019,00:00,New England Revolution,Orlando City,4.0,1.0,New England Revolution,4.0,"Gillette Stadium, Foxborough, MA (USA)",Gillette Stadium, Foxborough, MA ,USA,Gillette Stadium
267,28/07/2019,00:30,New York RB,Columbus Crew,2.0,3.0,Columbus Crew,3.0,"Red Bull Arena, Harrison, NJ (USA)",Red Bull Arena, Harrison, NJ ,USA,Lower.com Field
268,28/07/2019,01:00,Chicago Fire,D.C. United,0.0,0.0,,,"SeatGeek Stadium, Bridgeview, IL (USA)",SeatGeek Stadium, Bridgeview, IL ,USA,
269,28/07/2019,01:00,FC Dallas,Real Salt Lake,0.0,0.0,,,"Toyota Stadium, Frisco, TX (USA)",Toyota Stadium, Frisco, TX ,USA,
270,28/07/2019,01:00,Houston Dynamo,Seattle Sounders,0.0,1.0,Seattle Sounders,1.0,"PNC Stadium, Houston, TX (USA)",PNC Stadium, Houston, TX ,USA,Lumen Field
271,28/07/2019,01:00,Minnesota United FC,Vancouver Whitecaps,0.0,0.0,,,"Allianz Field, Saint Paul, MN (USA)",Allianz Field, Saint Paul, MN ,USA,
272,28/07/2019,01:00,Impact de Montréal,Philadelphia Union,4.0,0.0,Impact de Montréal,4.0,"Stade Saputo, Montréal, QC (Canada)",Stade Saputo, Montréal, QC ,Canada,Stade Saputo
273,28/07/2019,01:00,Toronto FC,FC Cincinnati,2.0,1.0,Toronto FC,2.0,"BMO Field, Toronto, ON (Canada)",BMO Field, Toronto, ON ,Canada,BMO Field
274,28/07/2019,03:00,San Jose Earthquakes,Colorado Rapids,3.0,1.0,San Jose Earthquakes,3.0,"Earthquakes Stadium, San Jose, CA (USA)",Earthquakes Stadium, San Jose, CA ,USA,Earthquakes Stadium
275,28/07/2019,03:30,Portland Timbers,Los Angeles Galaxy,4.0,0.0,Portland Timbers,4.0,"Providence Park, Portland, OR (USA)",Providence Park, Portland, OR ,USA,Providence Park
276,6. Round,6. Round,6. Round,6. Round,6.0,,,,,,,,,
277,03/08/2019,22:00,Atlanta United FC,Los Angeles Galaxy,3.0,0.0,Atlanta United FC,3.0,"Mercedes-Benz Stadium, Atlanta, GA (USA)",Mercedes-Benz Stadium, Atlanta, GA ,USA,Mercedes-Benz Stadium
278,03/08/2019,23:00,New York RB,Toronto FC,2.0,0.0,New York RB,2.0,"Red Bull Arena, Harrison, NJ (USA)",Red Bull Arena, Harrison, NJ ,USA,Red Bull Arena
279,04/08/2019,00:30,New England Revolution,Los Angeles FC,0.0,2.0,Los Angeles FC,2.0,"Gillette Stadium, Foxborough, MA (USA)",Gillette Stadium, Foxborough, MA ,USA,Banc of California Stadium
280,04/08/2019,00:30,Orlando City,FC Dallas,2.0,0.0,Orlando City,2.0,"Exploria Stadium, Orlando, FL (USA)",Exploria Stadium, Orlando, FL ,USA,Exploria Stadium
281,04/08/2019,01:00,FC Cincinnati,Vancouver Whitecaps,1.0,2.0,Vancouver Whitecaps,2.0,"Nippert Stadium, Cincinnati, OH (USA)",Nippert Stadium, Cincinnati, OH ,USA,BC Place
282,04/08/2019,02:00,Colorado Rapids,Impact de Montréal,6.0,3.0,Colorado Rapids,6.0,"Dick's Sporting Goods Park, Commerce City, CO (USA)",Dick's Sporting Goods Park, Commerce City, CO ,USA,Dick's Sporting Goods Park
283,04/08/2019,02:00,Houston Dynamo,Chicago Fire,0.0,1.0,Chicago Fire,1.0,"PNC Stadium, Houston, TX (USA)",PNC Stadium, Houston, TX ,USA,Soldier Field
284,04/08/2019,03:00,Real Salt Lake,New York City FC,3.0,1.0,Real Salt Lake,3.0,"Rio Tinto Stadium, Sandy, UT (USA)",Rio Tinto Stadium, Sandy, UT ,USA,Rio Tinto Stadium
285,04/08/2019,03:00,San Jose Earthquakes,Columbus Crew,1.0,1.0,,,"Earthquakes Stadium, San Jose, CA (USA)",Earthquakes Stadium, San Jose, CA ,USA,
286,04/08/2019,21:00,Minnesota United FC,Portland Timbers,1.0,0.0,Minnesota United FC,1.0,"Allianz Field, Saint Paul, MN (USA)",Allianz Field, Saint Paul, MN ,USA,Allianz Field
287,05/08/2019,00:30,D.C. United,Philadelphia Union,1.0,5.0,Philadelphia Union,5.0,"Audi Field, Washington, D.C. (USA)",Audi Field, Washington, D.C. ,USA,Subaru Park
288,05/08/2019,03:00,Seattle Sounders,Sporting Kansas City,2.0,3.0,Sporting Kansas City,3.0,"Lumen Field, Seattle, WA (USA)",Lumen Field, Seattle, WA ,USA,Children's Mercy Park
289,09/08/2019,00:00,New York City FC,Houston Dynamo,3.0,2.0,New York City FC,3.0,"Yankee Stadium, New York City, NY (USA)",Yankee Stadium, New York City, NY ,USA,Yankee Stadium
290,10/08/2019,21:00,Seattle Sounders,New England Revolution,3.0,3.0,,,"Lumen Field, Seattle, WA (USA)",Lumen Field, Seattle, WA ,USA,
291,11/08/2019,00:30,Columbus Crew,FC Cincinnati,2.0,2.0,,,"MAPFRE Stadium, Columbus, OH (USA)",MAPFRE Stadium, Columbus, OH ,USA,
292,11/08/2019,00:30,Toronto FC,Orlando City,1.0,1.0,,,"BMO Field, Toronto, ON (Canada)",BMO Field, Toronto, ON ,Canada,
293,11/08/2019,01:00,FC Dallas,Minnesota United FC,5.0,3.0,FC Dallas,5.0,"Toyota Stadium, Frisco, TX (USA)",Toyota Stadium, Frisco, TX ,USA,Toyota Stadium
294,11/08/2019,01:30,Sporting Kansas City,Real Salt Lake,1.0,2.0,Real Salt Lake,2.0,"Children's Mercy Park, Kansas City, KS (USA)",Children's Mercy Park, Kansas City, KS ,USA,Rio Tinto Stadium
295,11/08/2019,02:00,Chicago Fire,Impact de Montréal,3.0,2.0,Chicago Fire,3.0,"SeatGeek Stadium, Bridgeview, IL (USA)",SeatGeek Stadium, Bridgeview, IL ,USA,Soldier Field
296,11/08/2019,02:00,Colorado Rapids,San Jose Earthquakes,2.0,1.0,Colorado Rapids,2.0,"Dick's Sporting Goods Park, Commerce City, CO (USA)",Dick's Sporting Goods Park, Commerce City, CO ,USA,Dick's Sporting Goods Park
297,11/08/2019,04:00,Portland Timbers,Vancouver Whitecaps,3.0,1.0,Portland Timbers,3.0,"Providence Park, Portland, OR (USA)",Providence Park, Portland, OR ,USA,Providence Park
298,11/08/2019,20:55,Atlanta United FC,New York City FC,2.0,1.0,Atlanta United FC,2.0,"Mercedes-Benz Stadium, Atlanta, GA (USA)",Mercedes-Benz Stadium, Atlanta, GA ,USA,Mercedes-Benz Stadium
299,11/08/2019,23:00,Philadelphia Union,Houston Dynamo,2.0,1.0,Philadelphia Union,2.0,"Subaru Park, Chester, PA (USA)",Subaru Park, Chester, PA ,USA,Subaru Park
300,12/08/2019,00:30,D.C. United,Los Angeles Galaxy,2.0,1.0,D.C. United,2.0,"Audi Field, Washington, D.C. (USA)",Audi Field, Washington, D.C. ,USA,Audi Field
301,12/08/2019,03:00,Los Angeles FC,New York RB,4.0,2.0,Los Angeles FC,4.0,"Banc of California Stadium, Los Angeles, CA (USA)",Banc of California Stadium, Los Angeles, CA ,USA,Banc of California Stadium
302,15/08/2019,00:30,Orlando City,Sporting Kansas City,1.0,0.0,Orlando City,1.0,"Exploria Stadium, Orlando, FL (USA)",Exploria Stadium, Orlando, FL ,USA,Exploria Stadium
303,15/08/2019,01:00,Minnesota United FC,Colorado Rapids,1.0,0.0,Minnesota United FC,1.0,"Allianz Field, Saint Paul, MN (USA)",Allianz Field, Saint Paul, MN ,USA,Allianz Field
304,15/08/2019,03:00,Real Salt Lake,Seattle Sounders,3.0,0.0,Real Salt Lake,3.0,"Rio Tinto Stadium, Sandy, UT (USA)",Rio Tinto Stadium, Sandy, UT ,USA,Rio Tinto Stadium
305,15/08/2019,03:30,Los Angeles Galaxy,FC Dallas,2.0,0.0,Los Angeles Galaxy,2.0,"Dignity Health Sports Park, Carson, CA (USA)",Dignity Health Sports Park, Carson, CA ,USA,Dignity Health Sports Park
306,15/08/2019,04:00,Portland Timbers,Chicago Fire,3.0,2.0,Portland Timbers,3.0,"Providence Park, Portland, OR (USA)",Providence Park, Portland, OR ,USA,Providence Park
307,18/08/2019,00:00,New York RB,New England Revolution,1.0,1.0,,,"Red Bull Arena, Harrison, NJ (USA)",Red Bull Arena, Harrison, NJ ,USA,
308,18/08/2019,00:30,FC Cincinnati,New York City FC,1.0,4.0,New York City FC,4.0,"Nippert Stadium, Cincinnati, OH (USA)",Nippert Stadium, Cincinnati, OH ,USA,Yankee Stadium
309,18/08/2019,00:30,Columbus Crew,Toronto FC,2.0,2.0,,,"MAPFRE Stadium, Columbus, OH (USA)",MAPFRE Stadium, Columbus, OH ,USA,
310,18/08/2019,00:30,Impact de Montréal,FC Dallas,3.0,3.0,,,"Stade Saputo, Montréal, QC (Canada)",Stade Saputo, Montréal, QC ,Canada,
311,18/08/2019,01:00,Chicago Fire,Philadelphia Union,2.0,0.0,Chicago Fire,2.0,"SeatGeek Stadium, Bridgeview, IL (USA)",SeatGeek Stadium, Bridgeview, IL ,USA,Soldier Field
312,18/08/2019,01:00,Minnesota United FC,Orlando City,1.0,1.0,,,"Allianz Field, Saint Paul, MN (USA)",Allianz Field, Saint Paul, MN ,USA,
313,18/08/2019,01:30,Sporting Kansas City,San Jose Earthquakes,2.0,1.0,Sporting Kansas City,2.0,"Children's Mercy Park, Kansas City, KS (USA)",Children's Mercy Park, Kansas City, KS ,USA,Children's Mercy Park
314,18/08/2019,02:00,Houston Dynamo,Colorado Rapids,2.0,2.0,,,"PNC Stadium, Houston, TX (USA)",PNC Stadium, Houston, TX ,USA,
315,18/08/2019,03:00,Los Angeles Galaxy,Seattle Sounders,2.0,2.0,,,"Dignity Health Sports Park, Carson, CA (USA)",Dignity Health Sports Park, Carson, CA ,USA,
316,18/08/2019,03:00,Real Salt Lake,Los Angeles FC,0.0,2.0,Los Angeles FC,2.0,"Rio Tinto Stadium, Sandy, UT (USA)",Rio Tinto Stadium, Sandy, UT ,USA,Banc of California Stadium
317,18/08/2019,03:00,Vancouver Whitecaps,D.C. United,1.0,0.0,Vancouver Whitecaps,1.0,"BC Place, Vancouver, BC (Canada)",BC Place, Vancouver, BC ,Canada,BC Place
318,19/08/2019,03:00,Portland Timbers,Atlanta United FC,0.0,2.0,Atlanta United FC,2.0,"Providence Park, Portland, OR (USA)",Providence Park, Portland, OR ,USA,Mercedes-Benz Stadium
319,22/08/2019,00:00,New York City FC,Columbus Crew,1.0,0.0,New York City FC,1.0,"Yankee Stadium, New York City, NY (USA)",Yankee Stadium, New York City, NY ,USA,Yankee Stadium
320,22/08/2019,01:00,D.C. United,New York RB,1.0,2.0,New York RB,2.0,"Audi Field, Washington, D.C. (USA)",Audi Field, Washington, D.C. ,USA,Red Bull Arena
321,22/08/2019,03:30,Los Angeles FC,San Jose Earthquakes,4.0,0.0,Los Angeles FC,4.0,"Banc of California Stadium, Los Angeles, CA (USA)",Banc of California Stadium, Los Angeles, CA ,USA,Banc of California Stadium
322,23/08/2019,02:30,Sporting Kansas City,Minnesota United FC,1.0,0.0,Sporting Kansas City,1.0,"Children's Mercy Park, Kansas City, KS (USA)",Children's Mercy Park, Kansas City, KS ,USA,Children's Mercy Park
323,24/08/2019,01:00,Orlando City,Atlanta United FC,0.0,1.0,Atlanta United FC,1.0,"Exploria Stadium, Orlando, FL (USA)",Exploria Stadium, Orlando, FL ,USA,Mercedes-Benz Stadium
324,24/08/2019,03:00,Portland Timbers,Seattle Sounders,1.0,2.0,Seattle Sounders,2.0,"Providence Park, Portland, OR (USA)",Providence Park, Portland, OR ,USA,Lumen Field
325,25/08/2019,00:00,New York City FC,New York RB,2.0,1.0,New York City FC,2.0,"Yankee Stadium, New York City, NY (USA)",Yankee Stadium, New York City, NY ,USA,Yankee Stadium
326,25/08/2019,00:30,New England Revolution,Chicago Fire,2.0,1.0,New England Revolution,2.0,"Gillette Stadium, Foxborough, MA (USA)",Gillette Stadium, Foxborough, MA ,USA,Gillette Stadium
327,25/08/2019,00:30,Philadelphia Union,D.C. United,3.0,1.0,Philadelphia Union,3.0,"Subaru Park, Chester, PA (USA)",Subaru Park, Chester, PA ,USA,Subaru Park
328,25/08/2019,00:30,Toronto FC,Impact de Montréal,2.0,1.0,Toronto FC,2.0,"BMO Field, Toronto, ON (Canada)",BMO Field, Toronto, ON ,Canada,BMO Field
329,25/08/2019,03:00,Real Salt Lake,Colorado Rapids,2.0,0.0,Real Salt Lake,2.0,"Rio Tinto Stadium, Sandy, UT (USA)",Rio Tinto Stadium, Sandy, UT ,USA,Rio Tinto Stadium
330,25/08/2019,03:00,San Jose Earthquakes,Vancouver Whitecaps,3.0,1.0,San Jose Earthquakes,3.0,"Earthquakes Stadium, San Jose, CA (USA)",Earthquakes Stadium, San Jose, CA ,USA,Earthquakes Stadium
331,25/08/2019,23:00,FC Cincinnati,Columbus Crew,1.0,3.0,Columbus Crew,3.0,"Nippert Stadium, Cincinnati, OH (USA)",Nippert Stadium, Cincinnati, OH ,USA,Lower.com Field
332,26/08/2019,01:00,FC Dallas,Houston Dynamo,5.0,1.0,FC Dallas,5.0,"Toyota Stadium, Frisco, TX (USA)",Toyota Stadium, Frisco, TX ,USA,Toyota Stadium
333,26/08/2019,03:30,Los Angeles FC,Los Angeles Galaxy,3.0,3.0,,,"Banc of California Stadium, Los Angeles, CA (USA)",Banc of California Stadium, Los Angeles, CA ,USA,
334,7. Round,7. Round,7. Round,7. Round,7.0,,,,,,,,,
335,29/08/2019,01:00,Impact de Montréal,Vancouver Whitecaps,2.0,1.0,Impact de Montréal,2.0,"Stade Saputo, Montréal, QC (Canada)",Stade Saputo, Montréal, QC ,Canada,Stade Saputo
336,01/09/2019,00:00,New York RB,Colorado Rapids,0.0,2.0,Colorado Rapids,2.0,"Red Bull Arena, Harrison, NJ (USA)",Red Bull Arena, Harrison, NJ ,USA,Dick's Sporting Goods Park
337,01/09/2019,00:30,Columbus Crew,Chicago Fire,1.0,1.0,,,"MAPFRE Stadium, Columbus, OH (USA)",MAPFRE Stadium, Columbus, OH ,USA,
338,01/09/2019,00:30,Impact de Montréal,D.C. United,0.0,3.0,D.C. United,3.0,"Stade Saputo, Montréal, QC (Canada)",Stade Saputo, Montréal, QC ,Canada,Audi Field
339,01/09/2019,00:30,New England Revolution,Toronto FC,1.0,1.0,,,"Gillette Stadium, Foxborough, MA (USA)",Gillette Stadium, Foxborough, MA ,USA,
340,01/09/2019,00:30,Philadelphia Union,Atlanta United FC,3.0,1.0,Philadelphia Union,3.0,"Subaru Park, Chester, PA (USA)",Subaru Park, Chester, PA ,USA,Subaru Park
341,01/09/2019,01:00,FC Dallas,FC Cincinnati,3.0,1.0,FC Dallas,3.0,"Toyota Stadium, Frisco, TX (USA)",Toyota Stadium, Frisco, TX ,USA,Toyota Stadium
342,01/09/2019,01:30,Sporting Kansas City,Houston Dynamo,1.0,0.0,Sporting Kansas City,1.0,"Children's Mercy Park, Kansas City, KS (USA)",Children's Mercy Park, Kansas City, KS ,USA,Children's Mercy Park
343,01/09/2019,03:00,Vancouver Whitecaps,New York City FC,1.0,3.0,New York City FC,3.0,"BC Place, Vancouver, BC (Canada)",BC Place, Vancouver, BC ,Canada,Yankee Stadium
344,01/09/2019,03:30,Portland Timbers,Real Salt Lake,1.0,0.0,Portland Timbers,1.0,"Providence Park, Portland, OR (USA)",Providence Park, Portland, OR ,USA,Providence Park
345,01/09/2019,03:30,San Jose Earthquakes,Orlando City,3.0,0.0,San Jose Earthquakes,3.0,"Earthquakes Stadium, San Jose, CA (USA)",Earthquakes Stadium, San Jose, CA ,USA,Earthquakes Stadium
346,01/09/2019,23:30,Seattle Sounders,Los Angeles Galaxy,4.0,3.0,Seattle Sounders,4.0,"Lumen Field, Seattle, WA (USA)",Lumen Field, Seattle, WA ,USA,Lumen Field
347,02/09/2019,03:30,Los Angeles FC,Minnesota United FC,0.0,2.0,Minnesota United FC,2.0,"Banc of California Stadium, Los Angeles, CA (USA)",Banc of California Stadium, Los Angeles, CA ,USA,Allianz Field
348,07/09/2019,20:30,New York City FC,New England Revolution,2.0,1.0,New York City FC,2.0,"Yankee Stadium, New York City, NY (USA)",Yankee Stadium, New York City, NY ,USA,Yankee Stadium
349,08/09/2019,00:30,FC Cincinnati,Toronto FC,1.0,5.0,Toronto FC,5.0,"Nippert Stadium, Cincinnati, OH (USA)",Nippert Stadium, Cincinnati, OH ,USA,BMO Field
350,08/09/2019,00:30,Orlando City,Los Angeles FC,2.0,2.0,,,"Exploria Stadium, Orlando, FL (USA)",Exploria Stadium, Orlando, FL ,USA,
351,08/09/2019,02:00,Colorado Rapids,Seattle Sounders,2.0,0.0,Colorado Rapids,2.0,"Dick's Sporting Goods Park, Commerce City, CO (USA)",Dick's Sporting Goods Park, Commerce City, CO ,USA,Dick's Sporting Goods Park
352,08/09/2019,03:30,Portland Timbers,Sporting Kansas City,2.0,1.0,Portland Timbers,2.0,"Providence Park, Portland, OR (USA)",Providence Park, Portland, OR ,USA,Providence Park
353,12/09/2019,00:00,New York City FC,Toronto FC,1.0,1.0,,,"Yankee Stadium, New York City, NY (USA)",Yankee Stadium, New York City, NY ,USA,
354,12/09/2019,01:30,Houston Dynamo,Minnesota United FC,2.0,0.0,Houston Dynamo,2.0,"PNC Stadium, Houston, TX (USA)",PNC Stadium, Houston, TX ,USA,PNC Stadium
355,12/09/2019,02:00,Colorado Rapids,Los Angeles Galaxy,2.0,1.0,Colorado Rapids,2.0,"Dick's Sporting Goods Park, Commerce City, CO (USA)",Dick's Sporting Goods Park, Commerce City, CO ,USA,Dick's Sporting Goods Park
356,12/09/2019,02:30,Real Salt Lake,San Jose Earthquakes,1.0,0.0,Real Salt Lake,1.0,"Rio Tinto Stadium, Sandy, UT (USA)",Rio Tinto Stadium, Sandy, UT ,USA,Rio Tinto Stadium
357,14/09/2019,17:30,New York City FC,San Jose Earthquakes,2.0,1.0,New York City FC,2.0,"Yankee Stadium, New York City, NY (USA)",Yankee Stadium, New York City, NY ,USA,Yankee Stadium
358,14/09/2019,20:30,Chicago Fire,FC Dallas,4.0,0.0,Chicago Fire,4.0,"SeatGeek Stadium, Bridgeview, IL (USA)",SeatGeek Stadium, Bridgeview, IL ,USA,Soldier Field
359,15/09/2019,00:00,Atlanta United FC,Columbus Crew,1.0,3.0,Columbus Crew,3.0,"Mercedes-Benz Stadium, Atlanta, GA (USA)",Mercedes-Benz Stadium, Atlanta, GA ,USA,Lower.com Field
360,15/09/2019,00:30,Impact de Montréal,FC Cincinnati,0.0,1.0,FC Cincinnati,1.0,"Stade Saputo, Montréal, QC (Canada)",Stade Saputo, Montréal, QC ,Canada,TQL Stadium
361,15/09/2019,00:30,Orlando City,New England Revolution,3.0,3.0,,,"Exploria Stadium, Orlando, FL (USA)",Exploria Stadium, Orlando, FL ,USA,
362,15/09/2019,00:30,Philadelphia Union,Los Angeles FC,1.0,1.0,,,"Subaru Park, Chester, PA (USA)",Subaru Park, Chester, PA ,USA,
363,15/09/2019,03:00,Vancouver Whitecaps,Houston Dynamo,2.0,1.0,Vancouver Whitecaps,2.0,"BC Place, Vancouver, BC (Canada)",BC Place, Vancouver, BC ,Canada,BC Place
364,15/09/2019,20:30,Portland Timbers,D.C. United,0.0,1.0,D.C. United,1.0,"Providence Park, Portland, OR (USA)",Providence Park, Portland, OR ,USA,Audi Field
365,15/09/2019,22:00,Toronto FC,Colorado Rapids,3.0,2.0,Toronto FC,3.0,"BMO Field, Toronto, ON (Canada)",BMO Field, Toronto, ON ,Canada,BMO Field
366,15/09/2019,22:30,Minnesota United FC,Real Salt Lake,3.0,1.0,Minnesota United FC,3.0,"Allianz Field, Saint Paul, MN (USA)",Allianz Field, Saint Paul, MN ,USA,Allianz Field
367,15/09/2019,23:00,Seattle Sounders,New York RB,4.0,2.0,Seattle Sounders,4.0,"Lumen Field, Seattle, WA (USA)",Lumen Field, Seattle, WA ,USA,Lumen Field
368,16/09/2019,03:00,Los Angeles Galaxy,Sporting Kansas City,7.0,2.0,Los Angeles Galaxy,7.0,"Dignity Health Sports Park, Carson, CA (USA)",Dignity Health Sports Park, Carson, CA ,USA,Dignity Health Sports Park
369,19/09/2019,00:30,FC Cincinnati,Atlanta United FC,0.0,2.0,Atlanta United FC,2.0,"Nippert Stadium, Cincinnati, OH (USA)",Nippert Stadium, Cincinnati, OH ,USA,Mercedes-Benz Stadium
370,19/09/2019,03:30,Portland Timbers,New York RB,0.0,2.0,New York RB,2.0,"Providence Park, Portland, OR (USA)",Providence Park, Portland, OR ,USA,Red Bull Arena
371,19/09/2019,03:30,Seattle Sounders,FC Dallas,0.0,0.0,,,"Lumen Field, Seattle, WA (USA)",Lumen Field, Seattle, WA ,USA,
372,21/09/2019,20:30,Atlanta United FC,San Jose Earthquakes,3.0,1.0,Atlanta United FC,3.0,"Mercedes-Benz Stadium, Atlanta, GA (USA)",Mercedes-Benz Stadium, Atlanta, GA ,USA,Mercedes-Benz Stadium
373,21/09/2019,22:00,Vancouver Whitecaps,Columbus Crew,1.0,1.0,,,"BC Place, Vancouver, BC (Canada)",BC Place, Vancouver, BC ,Canada,
374,22/09/2019,00:30,FC Cincinnati,Chicago Fire,0.0,0.0,,,"Nippert Stadium, Cincinnati, OH (USA)",Nippert Stadium, Cincinnati, OH ,USA,
375,22/09/2019,00:30,New England Revolution,Real Salt Lake,0.0,0.0,,,"Gillette Stadium, Foxborough, MA (USA)",Gillette Stadium, Foxborough, MA ,USA,
376,22/09/2019,01:30,Houston Dynamo,Orlando City,2.0,1.0,Houston Dynamo,2.0,"PNC Stadium, Houston, TX (USA)",PNC Stadium, Houston, TX ,USA,PNC Stadium
377,22/09/2019,01:30,Sporting Kansas City,Colorado Rapids,2.0,3.0,Colorado Rapids,3.0,"Children's Mercy Park, Kansas City, KS (USA)",Children's Mercy Park, Kansas City, KS ,USA,Dick's Sporting Goods Park
378,22/09/2019,03:30,Los Angeles Galaxy,Impact de Montréal,2.0,1.0,Los Angeles Galaxy,2.0,"Dignity Health Sports Park, Carson, CA (USA)",Dignity Health Sports Park, Carson, CA ,USA,Dignity Health Sports Park
379,22/09/2019,03:30,Los Angeles FC,Toronto FC,1.0,1.0,,,"Banc of California Stadium, Los Angeles, CA (USA)",Banc of California Stadium, Los Angeles, CA ,USA,
380,22/09/2019,20:55,Portland Timbers,Minnesota United FC,0.0,0.0,,,"Providence Park, Portland, OR (USA)",Providence Park, Portland, OR ,USA,
381,22/09/2019,23:00,FC Dallas,New York City FC,1.0,1.0,,,"Toyota Stadium, Frisco, TX (USA)",Toyota Stadium, Frisco, TX ,USA,
382,22/09/2019,23:30,New York RB,Philadelphia Union,2.0,0.0,New York RB,2.0,"Red Bull Arena, Harrison, NJ (USA)",Red Bull Arena, Harrison, NJ ,USA,Red Bull Arena
383,23/09/2019,01:00,D.C. United,Seattle Sounders,2.0,0.0,D.C. United,2.0,"Audi Field, Washington, D.C. (USA)",Audi Field, Washington, D.C. ,USA,Audi Field
384,26/09/2019,00:00,New York City FC,Atlanta United FC,4.0,1.0,New York City FC,4.0,"Yankee Stadium, New York City, NY (USA)",Yankee Stadium, New York City, NY ,USA,Yankee Stadium
385,26/09/2019,01:00,Minnesota United FC,Sporting Kansas City,2.0,1.0,Minnesota United FC,2.0,"Allianz Field, Saint Paul, MN (USA)",Allianz Field, Saint Paul, MN ,USA,Allianz Field
386,26/09/2019,02:30,Real Salt Lake,Los Angeles Galaxy,1.0,2.0,Los Angeles Galaxy,2.0,"Rio Tinto Stadium, Sandy, UT (USA)",Rio Tinto Stadium, Sandy, UT ,USA,Dignity Health Sports Park
387,26/09/2019,03:30,Los Angeles FC,Houston Dynamo,3.0,1.0,Los Angeles FC,3.0,"Banc of California Stadium, Los Angeles, CA (USA)",Banc of California Stadium, Los Angeles, CA ,USA,Banc of California Stadium
388,26/09/2019,03:30,Portland Timbers,New England Revolution,2.0,2.0,,,"Providence Park, Portland, OR (USA)",Providence Park, Portland, OR ,USA,
389,26/09/2019,04:00,San Jose Earthquakes,Philadelphia Union,1.0,2.0,Philadelphia Union,2.0,"Earthquakes Stadium, San Jose, CA (USA)",Earthquakes Stadium, San Jose, CA ,USA,Subaru Park
390,29/09/2019,22:00,Chicago Fire,Toronto FC,2.0,2.0,,,"SeatGeek Stadium, Bridgeview, IL (USA)",SeatGeek Stadium, Bridgeview, IL ,USA,
391,29/09/2019,22:00,FC Cincinnati,Orlando City,1.0,1.0,,,"Nippert Stadium, Cincinnati, OH (USA)",Nippert Stadium, Cincinnati, OH ,USA,
392,29/09/2019,22:00,Columbus Crew,Philadelphia Union,2.0,0.0,Columbus Crew,2.0,"MAPFRE Stadium, Columbus, OH (USA)",MAPFRE Stadium, Columbus, OH ,USA,Lower.com Field
393,29/09/2019,22:00,Impact de Montréal,Atlanta United FC,1.0,1.0,,,"Stade Saputo, Montréal, QC (Canada)",Stade Saputo, Montréal, QC ,Canada,
394,29/09/2019,22:00,New England Revolution,New York City FC,2.0,0.0,New England Revolution,2.0,"Gillette Stadium, Foxborough, MA (USA)",Gillette Stadium, Foxborough, MA ,USA,Gillette Stadium
395,29/09/2019,22:00,New York RB,D.C. United,0.0,0.0,,,"Red Bull Arena, Harrison, NJ (USA)",Red Bull Arena, Harrison, NJ ,USA,
396,30/09/2019,00:30,Colorado Rapids,FC Dallas,3.0,0.0,Colorado Rapids,3.0,"Dick's Sporting Goods Park, Commerce City, CO (USA)",Dick's Sporting Goods Park, Commerce City, CO ,USA,Dick's Sporting Goods Park
397,30/09/2019,00:30,Los Angeles Galaxy,Vancouver Whitecaps,3.0,4.0,Vancouver Whitecaps,4.0,"Dignity Health Sports Park, Carson, CA (USA)",Dignity Health Sports Park, Carson, CA ,USA,BC Place
398,30/09/2019,00:30,Minnesota United FC,Los Angeles FC,1.0,1.0,,,"Allianz Field, Saint Paul, MN (USA)",Allianz Field, Saint Paul, MN ,USA,
399,30/09/2019,00:30,Real Salt Lake,Houston Dynamo,2.0,1.0,Real Salt Lake,2.0,"Rio Tinto Stadium, Sandy, UT (USA)",Rio Tinto Stadium, Sandy, UT ,USA,Rio Tinto Stadium
400,30/09/2019,00:30,San Jose Earthquakes,Seattle Sounders,0.0,1.0,Seattle Sounders,1.0,"Earthquakes Stadium, San Jose, CA (USA)",Earthquakes Stadium, San Jose, CA ,USA,Lumen Field
401,30/09/2019,00:30,Sporting Kansas City,Portland Timbers,2.0,2.0,,,"Children's Mercy Park, Kansas City, KS (USA)",Children's Mercy Park, Kansas City, KS ,USA,
402,8. Round,8. Round,8. Round,8. Round,8.0,,,,,,,,,
403,06/10/2019,21:00,Atlanta United FC,New England Revolution,3.0,1.0,Atlanta United FC,3.0,"Mercedes-Benz Stadium, Atlanta, GA (USA)",Mercedes-Benz Stadium, Atlanta, GA ,USA,Mercedes-Benz Stadium
404,06/10/2019,21:00,D.C. United,FC Cincinnati,0.0,0.0,,,"Audi Field, Washington, D.C. (USA)",Audi Field, Washington, D.C. ,USA,
405,06/10/2019,21:00,FC Dallas,Sporting Kansas City,6.0,0.0,FC Dallas,6.0,"Toyota Stadium, Frisco, TX (USA)",Toyota Stadium, Frisco, TX ,USA,Toyota Stadium
406,06/10/2019,21:00,Houston Dynamo,Los Angeles Galaxy,4.0,2.0,Houston Dynamo,4.0,"PNC Stadium, Houston, TX (USA)",PNC Stadium, Houston, TX ,USA,PNC Stadium
407,06/10/2019,21:00,Los Angeles FC,Colorado Rapids,3.0,1.0,Los Angeles FC,3.0,"Banc of California Stadium, Los Angeles, CA (USA)",Banc of California Stadium, Los Angeles, CA ,USA,Banc of California Stadium
408,06/10/2019,21:00,Impact de Montréal,New York RB,3.0,0.0,Impact de Montréal,3.0,"Stade Saputo, Montréal, QC (Canada)",Stade Saputo, Montréal, QC ,Canada,Stade Saputo
409,06/10/2019,21:00,Orlando City,Chicago Fire,2.0,5.0,Chicago Fire,5.0,"Exploria Stadium, Orlando, FL (USA)",Exploria Stadium, Orlando, FL ,USA,Soldier Field
410,06/10/2019,21:00,Philadelphia Union,New York City FC,1.0,2.0,New York City FC,2.0,"Subaru Park, Chester, PA (USA)",Subaru Park, Chester, PA ,USA,Yankee Stadium
411,06/10/2019,21:00,Portland Timbers,San Jose Earthquakes,3.0,1.0,Portland Timbers,3.0,"Providence Park, Portland, OR (USA)",Providence Park, Portland, OR ,USA,Providence Park
412,06/10/2019,21:00,Seattle Sounders,Minnesota United FC,1.0,0.0,Seattle Sounders,1.0,"Lumen Field, Seattle, WA (USA)",Lumen Field, Seattle, WA ,USA,Lumen Field
413,06/10/2019,21:00,Toronto FC,Columbus Crew,1.0,0.0,Toronto FC,1.0,"BMO Field, Toronto, ON (Canada)",BMO Field, Toronto, ON ,Canada,BMO Field
414,06/10/2019,21:00,Vancouver Whitecaps,Real Salt Lake,0.0,1.0,Real Salt Lake,1.0,"BC Place, Vancouver, BC (Canada)",BC Place, Vancouver, BC ,Canada,Rio Tinto Stadium
